establishment_id,week_date,quantity_liters
551,2025-05-28,51.5
551,2025-06-04,52.01
551,2025-06-11,52.36
551,2025-06-18,59.49
551,2025-06-25,58.99
551,2025-07-02,57.66
551,2025-07-09,50.66
551,2025-07-16,45.45
551,2025-07-23,45.06
551,2025-07-30,42.51
551,2025-08-06,41.03
551,2025-08-13,42.23
551,2025-08-20,47.51
551,2025-08-27,53.91
551,2025-09-03,54.37
551,2025-09-10,63.45
551,2025-09-17,58.84
551,2025-09-24,57.55
551,2025-10-01,55.19
551,2025-10-08,57.42
551,2025-10-15,54.21
551,2025-10-22,48.27
551,2025-10-29,45.48
551,2025-11-05,42.01
551,2025-11-12,50.61
551,2025-11-19,50.86
551,2025-11-26,49.05
551,2025-12-03,54.79
551,2025-12-10,59.98
551,2025-12-17,63.52
551,2025-12-24,63.0
551,2025-12-31,56.06
551,2026-01-07,55.87
551,2026-01-14,52.35
551,2026-01-21,47.94
551,2026-01-28,42.97
551,2026-02-04,45.55
551,2026-02-11,44.51
551,2026-02-18,48.05
551,2026-02-25,52.7
551,2026-03-04,58.96
551,2026-03-11,60.6
551,2026-03-18,58.05
551,2026-03-25,61.88
551,2026-04-01,60.53
551,2026-04-08,55.29
551,2026-04-15,54.56
551,2026-04-22,52.39
551,2026-04-29,45.31
551,2026-05-06,45.55
551,2026-05-13,46.13
551,2026-05-20,49.79
552,2025-05-28,47.56
552,2025-06-04,50.92
552,2025-06-11,50.62
552,2025-06-18,47.95
552,2025-06-25,50.62
552,2025-07-02,51.3
552,2025-07-09,46.43
552,2025-07-16,42.76
552,2025-07-23,38.64
552,2025-07-30,33.46
552,2025-08-06,40.87
552,2025-08-13,37.61
552,2025-08-20,40.15
552,2025-08-27,45.05
552,2025-09-03,45.68
552,2025-09-10,48.63
552,2025-09-17,51.76
552,2025-09-24,52.91
552,2025-10-01,49.91
552,2025-10-08,48.64
552,2025-10-15,49.09
552,2025-10-22,39.04
552,2025-10-29,41.36
552,2025-11-05,36.58
552,2025-11-12,38.46
552,2025-11-19,42.68
552,2025-11-26,41.86
552,2025-12-03,55.52
552,2025-12-10,53.81
552,2025-12-17,52.99
552,2025-12-24,54.47
552,2025-12-31,55.32
552,2026-01-07,52.35
552,2026-01-14,47.04
552,2026-01-21,44.58
552,2026-01-28,33.76
552,2026-02-04,38.25
552,2026-02-11,40.67
552,2026-02-18,40.77
552,2026-02-25,42.81
552,2026-03-04,53.02
552,2026-03-11,57.03
552,2026-03-18,51.09
552,2026-03-25,51.74
552,2026-04-01,57.15
552,2026-04-08,48.49
552,2026-04-15,45.1
552,2026-04-22,39.68
552,2026-04-29,38.25
552,2026-05-06,42.89
552,2026-05-13,38.62
552,2026-05-20,48.87
553,2025-05-28,17.72
553,2025-06-04,23.49
553,2025-06-11,31.28
553,2025-06-18,29.15
553,2025-06-25,29.45
553,2025-07-02,26.87
553,2025-07-09,25.36
553,2025-07-16,19.94
553,2025-07-23,14.3
553,2025-07-30,13.98
553,2025-08-06,10.82
553,2025-08-13,15.53
553,2025-08-20,17.39
553,2025-08-27,17.14
553,2025-09-03,24.26
553,2025-09-10,27.99
553,2025-09-17,27.86
553,2025-09-24,30.33
553,2025-10-01,30.76
553,2025-10-08,26.52
553,2025-10-15,19.32
553,2025-10-22,19.49
553,2025-10-29,15.98
553,2025-11-05,14.49
553,2025-11-12,14.58
553,2025-11-19,16.68
553,2025-11-26,26.93
553,2025-12-03,28.59
553,2025-12-10,30.48
553,2025-12-17,30.48
553,2025-12-24,32.28
553,2025-12-31,31.92
553,2026-01-07,26.82
553,2026-01-14,23.3
553,2026-01-21,14.08
553,2026-01-28,17.89
553,2026-02-04,20.27
553,2026-02-11,19.84
553,2026-02-18,21.49
553,2026-02-25,23.78
553,2026-03-04,26.73
553,2026-03-11,28.97
553,2026-03-18,33.94
553,2026-03-25,32.61
553,2026-04-01,30.48
553,2026-04-08,25.39
553,2026-04-15,21.13
553,2026-04-22,21.66
553,2026-04-29,21.47
553,2026-05-06,13.8
553,2026-05-13,19.23
553,2026-05-20,22.25
554,2025-05-28,28.7
554,2025-06-04,30.13
554,2025-06-11,37.5
554,2025-06-18,34.77
554,2025-06-25,36.31
554,2025-07-02,35.92
554,2025-07-09,32.67
554,2025-07-16,29.59
554,2025-07-23,25.4
554,2025-07-30,22.56
554,2025-08-06,22.74
554,2025-08-13,25.21
554,2025-08-20,22.14
554,2025-08-27,32.07
554,2025-09-03,34.3
554,2025-09-10,37.91
554,2025-09-17,34.85
554,2025-09-24,38.93
554,2025-10-01,37.91
554,2025-10-08,34.17
554,2025-10-15,31.65
554,2025-10-22,24.92
554,2025-10-29,27.61
554,2025-11-05,23.22
554,2025-11-12,25.2
554,2025-11-19,28.44
554,2025-11-26,35.64
554,2025-12-03,38.13
554,2025-12-10,37.45
554,2025-12-17,39.99
554,2025-12-24,40.22
554,2025-12-31,41.95
554,2026-01-07,34.36
554,2026-01-14,33.1
554,2026-01-21,30.43
554,2026-01-28,28.54
554,2026-02-04,20.32
554,2026-02-11,28.57
554,2026-02-18,30.37
554,2026-02-25,33.75
554,2026-03-04,35.47
554,2026-03-11,38.54
554,2026-03-18,44.54
554,2026-03-25,43.52
554,2026-04-01,38.41
554,2026-04-08,36.35
554,2026-04-15,32.14
554,2026-04-22,30.12
554,2026-04-29,27.37
554,2026-05-06,28.91
554,2026-05-13,25.62
554,2026-05-20,32.5
555,2025-05-28,37.01
555,2025-06-04,39.68
555,2025-06-11,46.32
555,2025-06-18,46.29
555,2025-06-25,47.75
555,2025-07-02,43.01
555,2025-07-09,44.07
555,2025-07-16,34.77
555,2025-07-23,35.1
555,2025-07-30,33.55
555,2025-08-06,32.11
555,2025-08-13,35.16
555,2025-08-20,34.2
555,2025-08-27,35.47
555,2025-09-03,41.81
555,2025-09-10,46.53
555,2025-09-17,48.7
555,2025-09-24,47.27
555,2025-10-01,42.62
555,2025-10-08,38.96
555,2025-10-15,40.68
555,2025-10-22,35.9
555,2025-10-29,37.8
555,2025-11-05,37.78
555,2025-11-12,35.7
555,2025-11-19,39.5
555,2025-11-26,40.27
555,2025-12-03,41.97
555,2025-12-10,52.31
555,2025-12-17,53.09
555,2025-12-24,48.5
555,2025-12-31,45.65
555,2026-01-07,45.87
555,2026-01-14,40.42
555,2026-01-21,34.2
555,2026-01-28,33.71
555,2026-02-04,36.38
555,2026-02-11,36.22
555,2026-02-18,44.46
555,2026-02-25,39.79
555,2026-03-04,48.42
555,2026-03-11,49.76
555,2026-03-18,49.18
555,2026-03-25,47.05
555,2026-04-01,46.35
555,2026-04-08,47.37
555,2026-04-15,45.77
555,2026-04-22,33.32
555,2026-04-29,35.81
555,2026-05-06,30.0
555,2026-05-13,37.05
555,2026-05-20,41.32
556,2025-05-28,30.01
556,2025-06-04,28.18
556,2025-06-11,30.02
556,2025-06-18,36.4
556,2025-06-25,33.99
556,2025-07-02,30.28
556,2025-07-09,30.81
556,2025-07-16,28.2
556,2025-07-23,21.27
556,2025-07-30,20.15
556,2025-08-06,17.76
556,2025-08-13,21.09
556,2025-08-20,25.7
556,2025-08-27,26.49
556,2025-09-03,33.48
556,2025-09-10,29.97
556,2025-09-17,36.42
556,2025-09-24,38.93
556,2025-10-01,31.82
556,2025-10-08,31.25
556,2025-10-15,30.11
556,2025-10-22,24.82
556,2025-10-29,19.3
556,2025-11-05,22.94
556,2025-11-12,20.11
556,2025-11-19,20.88
556,2025-11-26,28.6
556,2025-12-03,33.19
556,2025-12-10,37.0
556,2025-12-17,35.82
556,2025-12-24,30.74
556,2025-12-31,31.35
556,2026-01-07,34.53
556,2026-01-14,28.43
556,2026-01-21,21.99
556,2026-01-28,25.78
556,2026-02-04,15.57
556,2026-02-11,26.08
556,2026-02-18,30.21
556,2026-02-25,33.6
556,2026-03-04,34.26
556,2026-03-11,37.63
556,2026-03-18,35.74
556,2026-03-25,39.19
556,2026-04-01,37.25
556,2026-04-08,29.26
556,2026-04-15,32.61
556,2026-04-22,24.23
556,2026-04-29,24.43
556,2026-05-06,25.65
556,2026-05-13,29.82
556,2026-05-20,25.95
557,2025-05-28,47.95
557,2025-06-04,55.16
557,2025-06-11,56.58
557,2025-06-18,63.04
557,2025-06-25,57.91
557,2025-07-02,56.78
557,2025-07-09,52.82
557,2025-07-16,48.27
557,2025-07-23,46.98
557,2025-07-30,43.44
557,2025-08-06,42.34
557,2025-08-13,44.99
557,2025-08-20,50.01
557,2025-08-27,51.04
557,2025-09-03,57.66
557,2025-09-10,63.67
557,2025-09-17,59.38
557,2025-09-24,59.37
557,2025-10-01,55.24
557,2025-10-08,56.6
557,2025-10-15,47.33
557,2025-10-22,48.0
557,2025-10-29,50.01
557,2025-11-05,44.88
557,2025-11-12,46.26
557,2025-11-19,48.64
557,2025-11-26,52.38
557,2025-12-03,55.06
557,2025-12-10,65.81
557,2025-12-17,65.62
557,2025-12-24,62.18
557,2025-12-31,61.97
557,2026-01-07,57.09
557,2026-01-14,51.62
557,2026-01-21,56.21
557,2026-01-28,49.5
557,2026-02-04,44.02
557,2026-02-11,45.98
557,2026-02-18,46.78
557,2026-02-25,56.78
557,2026-03-04,55.82
557,2026-03-11,60.44
557,2026-03-18,61.84
557,2026-03-25,64.9
557,2026-04-01,63.4
557,2026-04-08,60.84
557,2026-04-15,57.91
557,2026-04-22,47.92
557,2026-04-29,51.95
557,2026-05-06,45.71
557,2026-05-13,50.76
557,2026-05-20,57.13
558,2025-05-28,53.04
558,2025-06-04,56.82
558,2025-06-11,56.01
558,2025-06-18,61.0
558,2025-06-25,58.04
558,2025-07-02,57.16
558,2025-07-09,54.71
558,2025-07-16,48.3
558,2025-07-23,49.62
558,2025-07-30,40.88
558,2025-08-06,40.48
558,2025-08-13,48.95
558,2025-08-20,48.26
558,2025-08-27,53.88
558,2025-09-03,58.92
558,2025-09-10,58.19
558,2025-09-17,61.7
558,2025-09-24,56.7
558,2025-10-01,58.51
558,2025-10-08,60.03
558,2025-10-15,50.43
558,2025-10-22,49.08
558,2025-10-29,43.3
558,2025-11-05,47.87
558,2025-11-12,48.14
558,2025-11-19,53.05
558,2025-11-26,55.48
558,2025-12-03,57.92
558,2025-12-10,62.87
558,2025-12-17,64.87
558,2025-12-24,63.55
558,2025-12-31,61.88
558,2026-01-07,55.38
558,2026-01-14,54.59
558,2026-01-21,49.37
558,2026-01-28,48.31
558,2026-02-04,48.96
558,2026-02-11,47.16
558,2026-02-18,52.91
558,2026-02-25,50.26
558,2026-03-04,64.74
558,2026-03-11,63.4
558,2026-03-18,61.82
558,2026-03-25,62.64
558,2026-04-01,63.71
558,2026-04-08,57.81
558,2026-04-15,50.9
558,2026-04-22,54.73
558,2026-04-29,50.96
558,2026-05-06,46.51
558,2026-05-13,50.11
558,2026-05-20,49.21
559,2025-05-28,34.26
559,2025-06-04,43.11
559,2025-06-11,44.93
559,2025-06-18,41.56
559,2025-06-25,47.78
559,2025-07-02,38.26
559,2025-07-09,42.46
559,2025-07-16,35.42
559,2025-07-23,35.17
559,2025-07-30,28.64
559,2025-08-06,29.53
559,2025-08-13,30.66
559,2025-08-20,30.14
559,2025-08-27,40.39
559,2025-09-03,42.89
559,2025-09-10,46.78
559,2025-09-17,45.3
559,2025-09-24,48.51
559,2025-10-01,41.52
559,2025-10-08,45.02
559,2025-10-15,36.04
559,2025-10-22,39.6
559,2025-10-29,27.7
559,2025-11-05,33.51
559,2025-11-12,28.89
559,2025-11-19,36.52
559,2025-11-26,45.2
559,2025-12-03,45.32
559,2025-12-10,46.53
559,2025-12-17,48.73
559,2025-12-24,48.14
559,2025-12-31,45.22
559,2026-01-07,43.89
559,2026-01-14,38.73
559,2026-01-21,36.87
559,2026-01-28,30.18
559,2026-02-04,32.85
559,2026-02-11,36.83
559,2026-02-18,41.47
559,2026-02-25,44.74
559,2026-03-04,42.91
559,2026-03-11,48.08
559,2026-03-18,46.91
559,2026-03-25,51.18
559,2026-04-01,50.42
559,2026-04-08,42.55
559,2026-04-15,39.93
559,2026-04-22,34.98
559,2026-04-29,33.14
559,2026-05-06,36.88
559,2026-05-13,38.25
559,2026-05-20,37.02
560,2025-05-28,23.16
560,2025-06-04,28.29
560,2025-06-11,33.89
560,2025-06-18,38.89
560,2025-06-25,33.66
560,2025-07-02,36.2
560,2025-07-09,30.92
560,2025-07-16,21.7
560,2025-07-23,21.8
560,2025-07-30,20.08
560,2025-08-06,16.54
560,2025-08-13,20.74
560,2025-08-20,27.57
560,2025-08-27,29.7
560,2025-09-03,34.56
560,2025-09-10,35.22
560,2025-09-17,33.93
560,2025-09-24,36.28
560,2025-10-01,30.77
560,2025-10-08,34.61
560,2025-10-15,25.69
560,2025-10-22,24.08
560,2025-10-29,22.97
560,2025-11-05,23.91
560,2025-11-12,20.81
560,2025-11-19,23.03
560,2025-11-26,33.17
560,2025-12-03,31.35
560,2025-12-10,31.95
560,2025-12-17,38.77
560,2025-12-24,35.65
560,2025-12-31,34.18
560,2026-01-07,32.21
560,2026-01-14,33.93
560,2026-01-21,24.56
560,2026-01-28,25.55
560,2026-02-04,22.61
560,2026-02-11,20.94
560,2026-02-18,25.96
560,2026-02-25,28.95
560,2026-03-04,32.53
560,2026-03-11,37.7
560,2026-03-18,36.84
560,2026-03-25,38.9
560,2026-04-01,36.54
560,2026-04-08,35.3
560,2026-04-15,25.56
560,2026-04-22,23.53
560,2026-04-29,21.54
560,2026-05-06,22.91
560,2026-05-13,26.0
560,2026-05-20,29.99
561,2025-05-28,36.04
561,2025-06-04,37.94
561,2025-06-11,45.44
561,2025-06-18,45.12
561,2025-06-25,43.06
561,2025-07-02,43.48
561,2025-07-09,37.99
561,2025-07-16,33.47
561,2025-07-23,30.08
561,2025-07-30,29.36
561,2025-08-06,32.76
561,2025-08-13,31.12
561,2025-08-20,32.57
561,2025-08-27,40.08
561,2025-09-03,41.18
561,2025-09-10,46.38
561,2025-09-17,45.83
561,2025-09-24,43.79
561,2025-10-01,43.5
561,2025-10-08,34.59
561,2025-10-15,36.17
561,2025-10-22,32.0
561,2025-10-29,31.24
561,2025-11-05,29.1
561,2025-11-12,29.05
561,2025-11-19,33.28
561,2025-11-26,33.74
561,2025-12-03,39.23
561,2025-12-10,47.05
561,2025-12-17,45.76
561,2025-12-24,45.84
561,2025-12-31,46.63
561,2026-01-07,41.45
561,2026-01-14,36.84
561,2026-01-21,35.53
561,2026-01-28,32.91
561,2026-02-04,30.81
561,2026-02-11,39.34
561,2026-02-18,34.15
561,2026-02-25,37.51
561,2026-03-04,44.68
561,2026-03-11,47.57
561,2026-03-18,48.22
561,2026-03-25,51.12
561,2026-04-01,43.01
561,2026-04-08,48.32
561,2026-04-15,39.27
561,2026-04-22,40.83
561,2026-04-29,34.65
561,2026-05-06,34.2
561,2026-05-13,31.94
561,2026-05-20,38.21
562,2025-05-28,54.78
562,2025-06-04,57.96
562,2025-06-11,57.68
562,2025-06-18,60.57
562,2025-06-25,58.36
562,2025-07-02,57.13
562,2025-07-09,56.11
562,2025-07-16,49.69
562,2025-07-23,50.41
562,2025-07-30,45.54
562,2025-08-06,44.12
562,2025-08-13,46.39
562,2025-08-20,49.93
562,2025-08-27,54.17
562,2025-09-03,59.4
562,2025-09-10,61.03
562,2025-09-17,63.03
562,2025-09-24,59.05
562,2025-10-01,60.23
562,2025-10-08,58.02
562,2025-10-15,53.5
562,2025-10-22,53.05
562,2025-10-29,49.3
562,2025-11-05,49.63
562,2025-11-12,48.03
562,2025-11-19,49.49
562,2025-11-26,57.76
562,2025-12-03,60.04
562,2025-12-10,61.63
562,2025-12-17,68.72
562,2025-12-24,65.28
562,2025-12-31,62.38
562,2026-01-07,57.95
562,2026-01-14,58.84
562,2026-01-21,47.65
562,2026-01-28,46.92
562,2026-02-04,49.26
562,2026-02-11,51.46
562,2026-02-18,53.52
562,2026-02-25,58.47
562,2026-03-04,60.81
562,2026-03-11,65.23
562,2026-03-18,69.32
562,2026-03-25,66.56
562,2026-04-01,59.22
562,2026-04-08,57.12
562,2026-04-15,58.18
562,2026-04-22,51.39
562,2026-04-29,48.54
562,2026-05-06,50.58
562,2026-05-13,50.07
562,2026-05-20,55.7
563,2025-05-28,50.81
563,2025-06-04,51.7
563,2025-06-11,59.62
563,2025-06-18,59.65
563,2025-06-25,56.83
563,2025-07-02,52.7
563,2025-07-09,53.22
563,2025-07-16,49.66
563,2025-07-23,47.04
563,2025-07-30,40.11
563,2025-08-06,40.57
563,2025-08-13,43.77
563,2025-08-20,49.93
563,2025-08-27,55.02
563,2025-09-03,54.44
563,2025-09-10,59.9
563,2025-09-17,63.24
563,2025-09-24,60.26
563,2025-10-01,60.72
563,2025-10-08,49.13
563,2025-10-15,48.8
563,2025-10-22,48.39
563,2025-10-29,45.36
563,2025-11-05,46.51
563,2025-11-12,48.26
563,2025-11-19,52.01
563,2025-11-26,50.19
563,2025-12-03,57.65
563,2025-12-10,57.22
563,2025-12-17,64.35
563,2025-12-24,62.61
563,2025-12-31,59.77
563,2026-01-07,56.23
563,2026-01-14,53.71
563,2026-01-21,49.9
563,2026-01-28,42.4
563,2026-02-04,46.84
563,2026-02-11,48.14
563,2026-02-18,53.03
563,2026-02-25,53.07
563,2026-03-04,61.58
563,2026-03-11,62.78
563,2026-03-18,61.25
563,2026-03-25,60.95
563,2026-04-01,60.1
563,2026-04-08,57.82
563,2026-04-15,53.68
563,2026-04-22,51.79
563,2026-04-29,47.28
563,2026-05-06,52.9
563,2026-05-13,48.97
563,2026-05-20,52.57
564,2025-05-28,33.32
564,2025-06-04,34.9
564,2025-06-11,38.39
564,2025-06-18,43.67
564,2025-06-25,43.16
564,2025-07-02,40.49
564,2025-07-09,32.56
564,2025-07-16,28.55
564,2025-07-23,28.19
564,2025-07-30,23.48
564,2025-08-06,23.25
564,2025-08-13,23.0
564,2025-08-20,25.66
564,2025-08-27,32.47
564,2025-09-03,34.7
564,2025-09-10,39.32
564,2025-09-17,41.6
564,2025-09-24,43.08
564,2025-10-01,37.95
564,2025-10-08,33.39
564,2025-10-15,34.7
564,2025-10-22,29.43
564,2025-10-29,26.93
564,2025-11-05,23.5
564,2025-11-12,27.14
564,2025-11-19,27.82
564,2025-11-26,37.34
564,2025-12-03,37.36
564,2025-12-10,41.91
564,2025-12-17,39.02
564,2025-12-24,38.78
564,2025-12-31,35.22
564,2026-01-07,33.38
564,2026-01-14,33.17
564,2026-01-21,26.96
564,2026-01-28,30.43
564,2026-02-04,22.54
564,2026-02-11,31.88
564,2026-02-18,35.56
564,2026-02-25,29.85
564,2026-03-04,38.76
564,2026-03-11,43.91
564,2026-03-18,44.54
564,2026-03-25,40.72
564,2026-04-01,39.45
564,2026-04-08,39.76
564,2026-04-15,35.57
564,2026-04-22,29.05
564,2026-04-29,32.44
564,2026-05-06,27.53
564,2026-05-13,28.5
564,2026-05-20,31.13
565,2025-05-28,35.36
565,2025-06-04,38.17
565,2025-06-11,42.67
565,2025-06-18,42.95
565,2025-06-25,40.83
565,2025-07-02,37.55
565,2025-07-09,38.51
565,2025-07-16,25.8
565,2025-07-23,30.85
565,2025-07-30,26.94
565,2025-08-06,24.36
565,2025-08-13,29.47
565,2025-08-20,28.32
565,2025-08-27,33.51
565,2025-09-03,35.03
565,2025-09-10,42.87
565,2025-09-17,35.34
565,2025-09-24,39.55
565,2025-10-01,35.22
565,2025-10-08,31.85
565,2025-10-15,28.72
565,2025-10-22,28.64
565,2025-10-29,25.04
565,2025-11-05,24.8
565,2025-11-12,26.64
565,2025-11-19,28.59
565,2025-11-26,34.37
565,2025-12-03,39.07
565,2025-12-10,45.02
565,2025-12-17,41.91
565,2025-12-24,41.78
565,2025-12-31,38.97
565,2026-01-07,37.75
565,2026-01-14,34.76
565,2026-01-21,31.81
565,2026-01-28,28.02
565,2026-02-04,29.4
565,2026-02-11,29.52
565,2026-02-18,30.07
565,2026-02-25,36.28
565,2026-03-04,36.25
565,2026-03-11,44.21
565,2026-03-18,44.39
565,2026-03-25,44.75
565,2026-04-01,39.5
565,2026-04-08,36.54
565,2026-04-15,33.16
565,2026-04-22,28.44
565,2026-04-29,27.43
565,2026-05-06,27.71
565,2026-05-13,28.31
565,2026-05-20,30.97
566,2025-05-28,29.17
566,2025-06-04,33.61
566,2025-06-11,43.55
566,2025-06-18,35.91
566,2025-06-25,36.08
566,2025-07-02,41.72
566,2025-07-09,31.61
566,2025-07-16,26.39
566,2025-07-23,22.6
566,2025-07-30,32.21
566,2025-08-06,23.81
566,2025-08-13,23.68
566,2025-08-20,25.89
566,2025-08-27,32.9
566,2025-09-03,34.13
566,2025-09-10,41.72
566,2025-09-17,44.08
566,2025-09-24,39.87
566,2025-10-01,36.93
566,2025-10-08,34.07
566,2025-10-15,32.91
566,2025-10-22,23.74
566,2025-10-29,29.99
566,2025-11-05,23.55
566,2025-11-12,25.75
566,2025-11-19,24.31
566,2025-11-26,36.07
566,2025-12-03,34.11
566,2025-12-10,39.99
566,2025-12-17,45.19
566,2025-12-24,40.85
566,2025-12-31,40.0
566,2026-01-07,35.17
566,2026-01-14,35.48
566,2026-01-21,28.56
566,2026-01-28,22.48
566,2026-02-04,26.43
566,2026-02-11,28.01
566,2026-02-18,29.68
566,2026-02-25,33.48
566,2026-03-04,37.94
566,2026-03-11,40.14
566,2026-03-18,41.37
566,2026-03-25,42.8
566,2026-04-01,41.57
566,2026-04-08,35.33
566,2026-04-15,31.37
566,2026-04-22,30.28
566,2026-04-29,28.5
566,2026-05-06,22.25
566,2026-05-13,26.6
566,2026-05-20,33.56
567,2025-05-28,55.01
567,2025-06-04,56.46
567,2025-06-11,62.81
567,2025-06-18,58.14
567,2025-06-25,60.0
567,2025-07-02,59.04
567,2025-07-09,55.61
567,2025-07-16,50.12
567,2025-07-23,46.94
567,2025-07-30,43.25
567,2025-08-06,42.4
567,2025-08-13,50.35
567,2025-08-20,49.55
567,2025-08-27,53.98
567,2025-09-03,56.68
567,2025-09-10,62.29
567,2025-09-17,64.23
567,2025-09-24,63.84
567,2025-10-01,60.14
567,2025-10-08,54.99
567,2025-10-15,50.62
567,2025-10-22,52.17
567,2025-10-29,45.28
567,2025-11-05,50.0
567,2025-11-12,45.58
567,2025-11-19,52.42
567,2025-11-26,57.65
567,2025-12-03,58.72
567,2025-12-10,59.76
567,2025-12-17,61.68
567,2025-12-24,61.76
567,2025-12-31,59.44
567,2026-01-07,57.11
567,2026-01-14,51.12
567,2026-01-21,51.68
567,2026-01-28,49.56
567,2026-02-04,56.45
567,2026-02-11,52.01
567,2026-02-18,54.44
567,2026-02-25,58.12
567,2026-03-04,58.45
567,2026-03-11,63.17
567,2026-03-18,61.15
567,2026-03-25,69.07
567,2026-04-01,61.76
567,2026-04-08,56.64
567,2026-04-15,52.43
567,2026-04-22,50.43
567,2026-04-29,53.0
567,2026-05-06,47.7
567,2026-05-13,53.13
567,2026-05-20,51.56
568,2025-05-28,25.95
568,2025-06-04,32.02
568,2025-06-11,30.0
568,2025-06-18,40.98
568,2025-06-25,32.01
568,2025-07-02,37.24
568,2025-07-09,29.6
568,2025-07-16,25.72
568,2025-07-23,22.08
568,2025-07-30,27.24
568,2025-08-06,24.91
568,2025-08-13,20.71
568,2025-08-20,26.48
568,2025-08-27,29.81
568,2025-09-03,28.63
568,2025-09-10,30.78
568,2025-09-17,39.2
568,2025-09-24,37.46
568,2025-10-01,38.92
568,2025-10-08,31.12
568,2025-10-15,28.94
568,2025-10-22,28.74
568,2025-10-29,19.32
568,2025-11-05,20.9
568,2025-11-12,24.1
568,2025-11-19,24.77
568,2025-11-26,30.85
568,2025-12-03,29.84
568,2025-12-10,35.4
568,2025-12-17,37.35
568,2025-12-24,45.16
568,2025-12-31,35.3
568,2026-01-07,28.56
568,2026-01-14,27.92
568,2026-01-21,29.41
568,2026-01-28,26.69
568,2026-02-04,24.79
568,2026-02-11,26.39
568,2026-02-18,28.45
568,2026-02-25,28.4
568,2026-03-04,37.2
568,2026-03-11,38.47
568,2026-03-18,41.5
568,2026-03-25,41.18
568,2026-04-01,37.97
568,2026-04-08,34.59
568,2026-04-15,28.13
568,2026-04-22,27.73
568,2026-04-29,22.73
568,2026-05-06,23.1
568,2026-05-13,26.61
568,2026-05-20,32.25
569,2025-05-28,30.18
569,2025-06-04,33.9
569,2025-06-11,41.99
569,2025-06-18,38.76
569,2025-06-25,37.41
569,2025-07-02,36.87
569,2025-07-09,32.46
569,2025-07-16,26.82
569,2025-07-23,27.76
569,2025-07-30,22.73
569,2025-08-06,24.36
569,2025-08-13,26.07
569,2025-08-20,25.78
569,2025-08-27,29.61
569,2025-09-03,35.12
569,2025-09-10,36.36
569,2025-09-17,38.46
569,2025-09-24,38.58
569,2025-10-01,35.12
569,2025-10-08,34.28
569,2025-10-15,30.96
569,2025-10-22,26.21
569,2025-10-29,22.5
569,2025-11-05,20.85
569,2025-11-12,21.81
569,2025-11-19,27.82
569,2025-11-26,28.61
569,2025-12-03,39.11
569,2025-12-10,36.09
569,2025-12-17,43.72
569,2025-12-24,37.92
569,2025-12-31,41.27
569,2026-01-07,34.88
569,2026-01-14,33.86
569,2026-01-21,28.47
569,2026-01-28,32.52
569,2026-02-04,25.16
569,2026-02-11,25.16
569,2026-02-18,31.49
569,2026-02-25,35.01
569,2026-03-04,34.67
569,2026-03-11,42.89
569,2026-03-18,41.82
569,2026-03-25,43.25
569,2026-04-01,45.85
569,2026-04-08,39.18
569,2026-04-15,29.93
569,2026-04-22,28.6
569,2026-04-29,23.74
569,2026-05-06,30.11
569,2026-05-13,31.32
569,2026-05-20,31.03
570,2025-05-28,33.21
570,2025-06-04,36.48
570,2025-06-11,39.27
570,2025-06-18,41.45
570,2025-06-25,40.09
570,2025-07-02,34.92
570,2025-07-09,32.34
570,2025-07-16,29.31
570,2025-07-23,26.12
570,2025-07-30,26.05
570,2025-08-06,21.22
570,2025-08-13,26.78
570,2025-08-20,28.78
570,2025-08-27,28.91
570,2025-09-03,34.66
570,2025-09-10,36.29
570,2025-09-17,37.75
570,2025-09-24,37.89
570,2025-10-01,37.84
570,2025-10-08,34.2
570,2025-10-15,30.43
570,2025-10-22,31.76
570,2025-10-29,27.62
570,2025-11-05,24.24
570,2025-11-12,27.31
570,2025-11-19,30.93
570,2025-11-26,33.03
570,2025-12-03,36.59
570,2025-12-10,39.96
570,2025-12-17,35.38
570,2025-12-24,43.89
570,2025-12-31,40.95
570,2026-01-07,34.17
570,2026-01-14,34.17
570,2026-01-21,30.17
570,2026-01-28,28.69
570,2026-02-04,24.02
570,2026-02-11,33.16
570,2026-02-18,26.92
570,2026-02-25,32.01
570,2026-03-04,40.9
570,2026-03-11,44.95
570,2026-03-18,44.02
570,2026-03-25,43.02
570,2026-04-01,38.28
570,2026-04-08,38.23
570,2026-04-15,31.68
570,2026-04-22,28.78
570,2026-04-29,28.87
570,2026-05-06,30.7
570,2026-05-13,28.7
570,2026-05-20,33.28
571,2025-05-28,32.07
571,2025-06-04,41.42
571,2025-06-11,39.11
571,2025-06-18,39.58
571,2025-06-25,42.53
571,2025-07-02,35.22
571,2025-07-09,33.49
571,2025-07-16,27.6
571,2025-07-23,28.34
571,2025-07-30,26.14
571,2025-08-06,22.71
571,2025-08-13,25.84
571,2025-08-20,26.58
571,2025-08-27,31.74
571,2025-09-03,32.59
571,2025-09-10,37.59
571,2025-09-17,38.87
571,2025-09-24,41.89
571,2025-10-01,37.77
571,2025-10-08,32.04
571,2025-10-15,29.94
571,2025-10-22,27.83
571,2025-10-29,24.53
571,2025-11-05,27.5
571,2025-11-12,23.78
571,2025-11-19,31.52
571,2025-11-26,32.79
571,2025-12-03,39.58
571,2025-12-10,41.62
571,2025-12-17,41.33
571,2025-12-24,43.8
571,2025-12-31,38.34
571,2026-01-07,35.07
571,2026-01-14,30.07
571,2026-01-21,27.84
571,2026-01-28,27.25
571,2026-02-04,24.22
571,2026-02-11,28.87
571,2026-02-18,35.15
571,2026-02-25,37.0
571,2026-03-04,38.47
571,2026-03-11,39.78
571,2026-03-18,43.11
571,2026-03-25,41.63
571,2026-04-01,38.52
571,2026-04-08,35.02
571,2026-04-15,34.91
571,2026-04-22,34.09
571,2026-04-29,24.53
571,2026-05-06,32.62
571,2026-05-13,28.38
571,2026-05-20,31.1
572,2025-05-28,25.41
572,2025-06-04,28.22
572,2025-06-11,35.35
572,2025-06-18,32.58
572,2025-06-25,30.22
572,2025-07-02,31.85
572,2025-07-09,24.68
572,2025-07-16,22.4
572,2025-07-23,23.39
572,2025-07-30,16.44
572,2025-08-06,20.52
572,2025-08-13,19.69
572,2025-08-20,24.89
572,2025-08-27,26.27
572,2025-09-03,27.96
572,2025-09-10,34.43
572,2025-09-17,31.99
572,2025-09-24,31.38
572,2025-10-01,30.58
572,2025-10-08,27.95
572,2025-10-15,27.82
572,2025-10-22,23.35
572,2025-10-29,22.31
572,2025-11-05,20.25
572,2025-11-12,20.37
572,2025-11-19,27.49
572,2025-11-26,28.98
572,2025-12-03,31.62
572,2025-12-10,32.77
572,2025-12-17,34.87
572,2025-12-24,30.61
572,2025-12-31,30.87
572,2026-01-07,30.42
572,2026-01-14,26.04
572,2026-01-21,26.07
572,2026-01-28,19.68
572,2026-02-04,22.25
572,2026-02-11,25.49
572,2026-02-18,19.4
572,2026-02-25,29.2
572,2026-03-04,28.9
572,2026-03-11,37.37
572,2026-03-18,41.05
572,2026-03-25,31.31
572,2026-04-01,38.04
572,2026-04-08,33.51
572,2026-04-15,31.69
572,2026-04-22,25.66
572,2026-04-29,25.59
572,2026-05-06,22.14
572,2026-05-13,22.01
572,2026-05-20,25.28
573,2025-05-28,46.97
573,2025-06-04,48.67
573,2025-06-11,49.46
573,2025-06-18,53.85
573,2025-06-25,49.42
573,2025-07-02,48.72
573,2025-07-09,46.22
573,2025-07-16,47.23
573,2025-07-23,42.44
573,2025-07-30,36.46
573,2025-08-06,37.4
573,2025-08-13,39.08
573,2025-08-20,38.48
573,2025-08-27,40.48
573,2025-09-03,47.58
573,2025-09-10,55.1
573,2025-09-17,52.64
573,2025-09-24,51.87
573,2025-10-01,50.61
573,2025-10-08,46.6
573,2025-10-15,40.63
573,2025-10-22,39.31
573,2025-10-29,37.89
573,2025-11-05,39.23
573,2025-11-12,37.88
573,2025-11-19,36.98
573,2025-11-26,51.66
573,2025-12-03,50.08
573,2025-12-10,56.12
573,2025-12-17,56.58
573,2025-12-24,53.78
573,2025-12-31,52.14
573,2026-01-07,46.74
573,2026-01-14,50.65
573,2026-01-21,39.63
573,2026-01-28,43.21
573,2026-02-04,43.37
573,2026-02-11,51.23
573,2026-02-18,44.97
573,2026-02-25,49.32
573,2026-03-04,52.16
573,2026-03-11,51.67
573,2026-03-18,52.09
573,2026-03-25,54.57
573,2026-04-01,49.98
573,2026-04-08,49.59
573,2026-04-15,48.82
573,2026-04-22,40.82
573,2026-04-29,39.94
573,2026-05-06,39.92
573,2026-05-13,43.73
573,2026-05-20,48.49
574,2025-05-28,19.01
574,2025-06-04,28.23
574,2025-06-11,31.55
574,2025-06-18,29.14
574,2025-06-25,29.47
574,2025-07-02,23.13
574,2025-07-09,24.22
574,2025-07-16,22.08
574,2025-07-23,21.13
574,2025-07-30,14.05
574,2025-08-06,15.89
574,2025-08-13,15.15
574,2025-08-20,17.65
574,2025-08-27,20.02
574,2025-09-03,22.82
574,2025-09-10,31.11
574,2025-09-17,31.57
574,2025-09-24,27.92
574,2025-10-01,27.39
574,2025-10-08,26.04
574,2025-10-15,22.63
574,2025-10-22,21.43
574,2025-10-29,16.8
574,2025-11-05,15.33
574,2025-11-12,15.05
574,2025-11-19,20.59
574,2025-11-26,27.6
574,2025-12-03,26.43
574,2025-12-10,29.68
574,2025-12-17,32.25
574,2025-12-24,33.24
574,2025-12-31,30.65
574,2026-01-07,23.91
574,2026-01-14,23.82
574,2026-01-21,20.14
574,2026-01-28,16.63
574,2026-02-04,20.93
574,2026-02-11,16.29
574,2026-02-18,25.76
574,2026-02-25,21.75
574,2026-03-04,27.17
574,2026-03-11,33.44
574,2026-03-18,32.01
574,2026-03-25,35.0
574,2026-04-01,32.73
574,2026-04-08,28.78
574,2026-04-15,23.76
574,2026-04-22,21.92
574,2026-04-29,18.37
574,2026-05-06,16.37
574,2026-05-13,20.35
574,2026-05-20,23.44
575,2025-05-28,43.3
575,2025-06-04,51.02
575,2025-06-11,53.73
575,2025-06-18,54.54
575,2025-06-25,54.73
575,2025-07-02,53.7
575,2025-07-09,52.13
575,2025-07-16,44.14
575,2025-07-23,38.38
575,2025-07-30,41.91
575,2025-08-06,39.71
575,2025-08-13,42.3
575,2025-08-20,44.29
575,2025-08-27,51.28
575,2025-09-03,51.06
575,2025-09-10,54.04
575,2025-09-17,57.56
575,2025-09-24,53.32
575,2025-10-01,50.36
575,2025-10-08,49.61
575,2025-10-15,43.24
575,2025-10-22,41.62
575,2025-10-29,41.24
575,2025-11-05,41.05
575,2025-11-12,40.5
575,2025-11-19,47.83
575,2025-11-26,50.53
575,2025-12-03,56.27
575,2025-12-10,53.7
575,2025-12-17,57.07
575,2025-12-24,59.92
575,2025-12-31,54.1
575,2026-01-07,52.32
575,2026-01-14,45.16
575,2026-01-21,49.49
575,2026-01-28,43.2
575,2026-02-04,44.5
575,2026-02-11,44.32
575,2026-02-18,43.86
575,2026-02-25,53.3
575,2026-03-04,53.72
575,2026-03-11,57.95
575,2026-03-18,58.9
575,2026-03-25,61.85
575,2026-04-01,58.79
575,2026-04-08,54.9
575,2026-04-15,49.3
575,2026-04-22,44.67
575,2026-04-29,42.57
575,2026-05-06,45.26
575,2026-05-13,42.16
575,2026-05-20,44.41
576,2025-05-28,28.9
576,2025-06-04,33.05
576,2025-06-11,33.78
576,2025-06-18,34.39
576,2025-06-25,35.53
576,2025-07-02,36.24
576,2025-07-09,30.47
576,2025-07-16,23.79
576,2025-07-23,20.98
576,2025-07-30,22.05
576,2025-08-06,20.52
576,2025-08-13,18.4
576,2025-08-20,27.23
576,2025-08-27,28.47
576,2025-09-03,30.42
576,2025-09-10,39.12
576,2025-09-17,39.27
576,2025-09-24,36.6
576,2025-10-01,32.86
576,2025-10-08,34.45
576,2025-10-15,24.23
576,2025-10-22,24.11
576,2025-10-29,15.52
576,2025-11-05,22.96
576,2025-11-12,21.38
576,2025-11-19,26.47
576,2025-11-26,28.16
576,2025-12-03,30.65
576,2025-12-10,36.32
576,2025-12-17,35.41
576,2025-12-24,39.05
576,2025-12-31,36.04
576,2026-01-07,24.4
576,2026-01-14,31.07
576,2026-01-21,25.32
576,2026-01-28,24.21
576,2026-02-04,23.75
576,2026-02-11,24.78
576,2026-02-18,25.72
576,2026-02-25,32.78
576,2026-03-04,33.81
576,2026-03-11,35.64
576,2026-03-18,36.07
576,2026-03-25,39.06
576,2026-04-01,35.32
576,2026-04-08,27.56
576,2026-04-15,27.14
576,2026-04-22,24.08
576,2026-04-29,20.98
576,2026-05-06,20.07
576,2026-05-13,28.15
576,2026-05-20,29.02
577,2025-05-28,30.17
577,2025-06-04,30.32
577,2025-06-11,31.26
577,2025-06-18,31.52
577,2025-06-25,34.72
577,2025-07-02,32.66
577,2025-07-09,26.72
577,2025-07-16,22.59
577,2025-07-23,21.68
577,2025-07-30,18.83
577,2025-08-06,20.15
577,2025-08-13,22.27
577,2025-08-20,21.29
577,2025-08-27,28.78
577,2025-09-03,31.87
577,2025-09-10,34.29
577,2025-09-17,33.74
577,2025-09-24,36.33
577,2025-10-01,31.61
577,2025-10-08,35.42
577,2025-10-15,27.2
577,2025-10-22,22.64
577,2025-10-29,15.04
577,2025-11-05,19.37
577,2025-11-12,24.48
577,2025-11-19,27.18
577,2025-11-26,27.72
577,2025-12-03,30.42
577,2025-12-10,32.17
577,2025-12-17,34.05
577,2025-12-24,37.68
577,2025-12-31,33.99
577,2026-01-07,31.33
577,2026-01-14,27.69
577,2026-01-21,25.47
577,2026-01-28,24.97
577,2026-02-04,25.63
577,2026-02-11,22.64
577,2026-02-18,32.58
577,2026-02-25,28.07
577,2026-03-04,31.45
577,2026-03-11,33.0
577,2026-03-18,35.85
577,2026-03-25,36.77
577,2026-04-01,34.87
577,2026-04-08,33.35
577,2026-04-15,27.35
577,2026-04-22,21.39
577,2026-04-29,23.96
577,2026-05-06,24.58
577,2026-05-13,25.14
577,2026-05-20,33.85
578,2025-05-28,30.21
578,2025-06-04,35.27
578,2025-06-11,40.67
578,2025-06-18,40.74
578,2025-06-25,41.17
578,2025-07-02,37.85
578,2025-07-09,32.09
578,2025-07-16,33.69
578,2025-07-23,25.68
578,2025-07-30,26.38
578,2025-08-06,23.05
578,2025-08-13,28.84
578,2025-08-20,31.59
578,2025-08-27,35.42
578,2025-09-03,40.15
578,2025-09-10,41.92
578,2025-09-17,40.92
578,2025-09-24,41.67
578,2025-10-01,41.18
578,2025-10-08,33.77
578,2025-10-15,29.22
578,2025-10-22,27.28
578,2025-10-29,29.31
578,2025-11-05,29.05
578,2025-11-12,31.51
578,2025-11-19,28.08
578,2025-11-26,33.2
578,2025-12-03,38.82
578,2025-12-10,44.96
578,2025-12-17,48.24
578,2025-12-24,44.01
578,2025-12-31,46.79
578,2026-01-07,35.8
578,2026-01-14,33.78
578,2026-01-21,32.12
578,2026-01-28,29.41
578,2026-02-04,30.14
578,2026-02-11,29.23
578,2026-02-18,30.37
578,2026-02-25,34.19
578,2026-03-04,43.21
578,2026-03-11,45.22
578,2026-03-18,42.12
578,2026-03-25,42.69
578,2026-04-01,43.93
578,2026-04-08,42.0
578,2026-04-15,37.1
578,2026-04-22,30.77
578,2026-04-29,30.57
578,2026-05-06,29.27
578,2026-05-13,31.7
578,2026-05-20,33.27
579,2025-05-28,24.38
579,2025-06-04,29.74
579,2025-06-11,39.1
579,2025-06-18,36.57
579,2025-06-25,31.96
579,2025-07-02,32.21
579,2025-07-09,29.31
579,2025-07-16,27.87
579,2025-07-23,23.74
579,2025-07-30,18.51
579,2025-08-06,16.93
579,2025-08-13,22.95
579,2025-08-20,26.22
579,2025-08-27,30.76
579,2025-09-03,30.36
579,2025-09-10,35.95
579,2025-09-17,39.88
579,2025-09-24,40.3
579,2025-10-01,31.47
579,2025-10-08,37.67
579,2025-10-15,26.1
579,2025-10-22,26.17
579,2025-10-29,22.29
579,2025-11-05,18.86
579,2025-11-12,24.6
579,2025-11-19,27.27
579,2025-11-26,31.86
579,2025-12-03,35.62
579,2025-12-10,37.25
579,2025-12-17,38.82
579,2025-12-24,42.37
579,2025-12-31,34.17
579,2026-01-07,27.13
579,2026-01-14,31.79
579,2026-01-21,29.07
579,2026-01-28,20.86
579,2026-02-04,26.54
579,2026-02-11,22.94
579,2026-02-18,27.98
579,2026-02-25,32.59
579,2026-03-04,37.79
579,2026-03-11,37.99
579,2026-03-18,41.56
579,2026-03-25,37.22
579,2026-04-01,39.11
579,2026-04-08,35.08
579,2026-04-15,28.35
579,2026-04-22,27.25
579,2026-04-29,24.04
579,2026-05-06,23.96
579,2026-05-13,25.16
579,2026-05-20,31.94
580,2025-05-28,21.29
580,2025-06-04,24.91
580,2025-06-11,26.86
580,2025-06-18,30.81
580,2025-06-25,27.57
580,2025-07-02,26.51
580,2025-07-09,25.73
580,2025-07-16,20.05
580,2025-07-23,14.49
580,2025-07-30,15.21
580,2025-08-06,11.36
580,2025-08-13,16.52
580,2025-08-20,13.5
580,2025-08-27,20.2
580,2025-09-03,23.05
580,2025-09-10,26.06
580,2025-09-17,30.58
580,2025-09-24,30.25
580,2025-10-01,22.46
580,2025-10-08,29.15
580,2025-10-15,18.23
580,2025-10-22,16.27
580,2025-10-29,17.02
580,2025-11-05,17.21
580,2025-11-12,15.54
580,2025-11-19,19.47
580,2025-11-26,26.57
580,2025-12-03,27.62
580,2025-12-10,30.64
580,2025-12-17,28.39
580,2025-12-24,33.78
580,2025-12-31,32.78
580,2026-01-07,28.95
580,2026-01-14,25.95
580,2026-01-21,17.38
580,2026-01-28,18.49
580,2026-02-04,12.51
580,2026-02-11,14.32
580,2026-02-18,17.99
580,2026-02-25,22.6
580,2026-03-04,25.22
580,2026-03-11,30.8
580,2026-03-18,29.91
580,2026-03-25,31.02
580,2026-04-01,32.13
580,2026-04-08,26.93
580,2026-04-15,24.9
580,2026-04-22,21.26
580,2026-04-29,15.79
580,2026-05-06,22.05
580,2026-05-13,21.05
580,2026-05-20,19.23
581,2025-05-28,52.5
581,2025-06-04,57.02
581,2025-06-11,63.41
581,2025-06-18,63.13
581,2025-06-25,58.11
581,2025-07-02,59.25
581,2025-07-09,56.9
581,2025-07-16,50.49
581,2025-07-23,50.29
581,2025-07-30,45.83
581,2025-08-06,43.73
581,2025-08-13,46.9
581,2025-08-20,52.45
581,2025-08-27,57.73
581,2025-09-03,56.98
581,2025-09-10,63.32
581,2025-09-17,64.37
581,2025-09-24,65.92
581,2025-10-01,59.05
581,2025-10-08,56.09
581,2025-10-15,56.35
581,2025-10-22,47.66
581,2025-10-29,47.95
581,2025-11-05,45.59
581,2025-11-12,41.95
581,2025-11-19,49.63
581,2025-11-26,54.31
581,2025-12-03,60.76
581,2025-12-10,65.97
581,2025-12-17,64.15
581,2025-12-24,61.55
581,2025-12-31,61.8
581,2026-01-07,56.97
581,2026-01-14,51.09
581,2026-01-21,50.29
581,2026-01-28,46.11
581,2026-02-04,49.43
581,2026-02-11,53.89
581,2026-02-18,55.98
581,2026-02-25,57.41
581,2026-03-04,60.02
581,2026-03-11,70.16
581,2026-03-18,70.26
581,2026-03-25,65.34
581,2026-04-01,62.7
581,2026-04-08,56.91
581,2026-04-15,53.97
581,2026-04-22,53.61
581,2026-04-29,46.14
581,2026-05-06,48.9
581,2026-05-13,52.09
581,2026-05-20,53.46
582,2025-05-28,31.48
582,2025-06-04,41.04
582,2025-06-11,41.02
582,2025-06-18,42.61
582,2025-06-25,42.62
582,2025-07-02,39.34
582,2025-07-09,39.44
582,2025-07-16,30.98
582,2025-07-23,29.28
582,2025-07-30,25.56
582,2025-08-06,27.76
582,2025-08-13,26.64
582,2025-08-20,29.52
582,2025-08-27,34.38
582,2025-09-03,41.98
582,2025-09-10,44.39
582,2025-09-17,43.4
582,2025-09-24,43.76
582,2025-10-01,42.33
582,2025-10-08,36.66
582,2025-10-15,34.01
582,2025-10-22,31.7
582,2025-10-29,27.22
582,2025-11-05,30.54
582,2025-11-12,29.08
582,2025-11-19,31.41
582,2025-11-26,42.87
582,2025-12-03,38.76
582,2025-12-10,45.1
582,2025-12-17,47.57
582,2025-12-24,46.28
582,2025-12-31,40.35
582,2026-01-07,36.57
582,2026-01-14,31.93
582,2026-01-21,31.45
582,2026-01-28,31.74
582,2026-02-04,33.29
582,2026-02-11,32.42
582,2026-02-18,32.89
582,2026-02-25,36.28
582,2026-03-04,41.19
582,2026-03-11,39.83
582,2026-03-18,51.22
582,2026-03-25,46.85
582,2026-04-01,39.53
582,2026-04-08,42.48
582,2026-04-15,37.09
582,2026-04-22,32.94
582,2026-04-29,33.31
582,2026-05-06,27.14
582,2026-05-13,33.78
582,2026-05-20,38.87
583,2025-05-28,26.04
583,2025-06-04,30.94
583,2025-06-11,35.88
583,2025-06-18,40.96
583,2025-06-25,36.48
583,2025-07-02,33.98
583,2025-07-09,33.95
583,2025-07-16,28.4
583,2025-07-23,24.02
583,2025-07-30,23.81
583,2025-08-06,24.28
583,2025-08-13,22.95
583,2025-08-20,27.52
583,2025-08-27,28.3
583,2025-09-03,35.48
583,2025-09-10,38.13
583,2025-09-17,38.94
583,2025-09-24,41.34
583,2025-10-01,36.83
583,2025-10-08,32.86
583,2025-10-15,27.9
583,2025-10-22,25.04
583,2025-10-29,23.06
583,2025-11-05,26.22
583,2025-11-12,25.12
583,2025-11-19,31.37
583,2025-11-26,38.65
583,2025-12-03,40.69
583,2025-12-10,34.26
583,2025-12-17,42.08
583,2025-12-24,43.28
583,2025-12-31,38.95
583,2026-01-07,33.77
583,2026-01-14,32.45
583,2026-01-21,27.02
583,2026-01-28,29.25
583,2026-02-04,24.43
583,2026-02-11,26.73
583,2026-02-18,29.41
583,2026-02-25,35.7
583,2026-03-04,36.83
583,2026-03-11,38.79
583,2026-03-18,44.55
583,2026-03-25,45.31
583,2026-04-01,44.59
583,2026-04-08,34.53
583,2026-04-15,33.59
583,2026-04-22,26.19
583,2026-04-29,24.09
583,2026-05-06,23.04
583,2026-05-13,27.72
583,2026-05-20,33.08
584,2025-05-28,51.99
584,2025-06-04,61.09
584,2025-06-11,64.84
584,2025-06-18,60.75
584,2025-06-25,63.93
584,2025-07-02,56.17
584,2025-07-09,57.39
584,2025-07-16,49.78
584,2025-07-23,46.62
584,2025-07-30,45.64
584,2025-08-06,44.76
584,2025-08-13,48.66
584,2025-08-20,48.63
584,2025-08-27,60.0
584,2025-09-03,63.16
584,2025-09-10,65.62
584,2025-09-17,65.47
584,2025-09-24,62.87
584,2025-10-01,60.31
584,2025-10-08,58.1
584,2025-10-15,56.28
584,2025-10-22,49.35
584,2025-10-29,47.71
584,2025-11-05,45.51
584,2025-11-12,45.3
584,2025-11-19,53.75
584,2025-11-26,56.44
584,2025-12-03,61.3
584,2025-12-10,65.67
584,2025-12-17,67.28
584,2025-12-24,62.26
584,2025-12-31,61.81
584,2026-01-07,58.76
584,2026-01-14,54.17
584,2026-01-21,54.53
584,2026-01-28,50.88
584,2026-02-04,51.95
584,2026-02-11,51.76
584,2026-02-18,56.95
584,2026-02-25,59.63
584,2026-03-04,61.41
584,2026-03-11,62.44
584,2026-03-18,71.48
584,2026-03-25,68.27
584,2026-04-01,67.02
584,2026-04-08,60.79
584,2026-04-15,56.95
584,2026-04-22,55.48
584,2026-04-29,54.2
584,2026-05-06,54.15
584,2026-05-13,52.22
584,2026-05-20,49.86
585,2025-05-28,51.39
585,2025-06-04,56.6
585,2025-06-11,63.65
585,2025-06-18,59.25
585,2025-06-25,63.17
585,2025-07-02,61.44
585,2025-07-09,60.16
585,2025-07-16,56.0
585,2025-07-23,46.61
585,2025-07-30,46.3
585,2025-08-06,49.67
585,2025-08-13,46.01
585,2025-08-20,49.84
585,2025-08-27,46.75
585,2025-09-03,53.5
585,2025-09-10,61.06
585,2025-09-17,59.56
585,2025-09-24,62.35
585,2025-10-01,59.54
585,2025-10-08,58.56
585,2025-10-15,53.06
585,2025-10-22,50.18
585,2025-10-29,49.71
585,2025-11-05,43.57
585,2025-11-12,51.37
585,2025-11-19,51.59
585,2025-11-26,50.47
585,2025-12-03,54.79
585,2025-12-10,62.85
585,2025-12-17,61.8
585,2025-12-24,65.52
585,2025-12-31,61.83
585,2026-01-07,53.83
585,2026-01-14,54.67
585,2026-01-21,51.44
585,2026-01-28,46.83
585,2026-02-04,50.24
585,2026-02-11,49.92
585,2026-02-18,48.28
585,2026-02-25,55.0
585,2026-03-04,60.03
585,2026-03-11,61.48
585,2026-03-18,65.99
585,2026-03-25,63.81
585,2026-04-01,64.52
585,2026-04-08,56.94
585,2026-04-15,51.13
585,2026-04-22,49.56
585,2026-04-29,50.15
585,2026-05-06,47.45
585,2026-05-13,55.5
585,2026-05-20,48.57
586,2025-05-28,36.2
586,2025-06-04,41.17
586,2025-06-11,47.91
586,2025-06-18,50.95
586,2025-06-25,46.67
586,2025-07-02,45.03
586,2025-07-09,40.07
586,2025-07-16,41.13
586,2025-07-23,32.83
586,2025-07-30,34.89
586,2025-08-06,31.73
586,2025-08-13,31.68
586,2025-08-20,36.5
586,2025-08-27,42.24
586,2025-09-03,42.87
586,2025-09-10,47.15
586,2025-09-17,49.76
586,2025-09-24,53.35
586,2025-10-01,48.24
586,2025-10-08,45.41
586,2025-10-15,41.89
586,2025-10-22,37.16
586,2025-10-29,31.65
586,2025-11-05,35.32
586,2025-11-12,33.89
586,2025-11-19,39.46
586,2025-11-26,41.61
586,2025-12-03,46.76
586,2025-12-10,46.67
586,2025-12-17,51.04
586,2025-12-24,45.56
586,2025-12-31,46.89
586,2026-01-07,46.81
586,2026-01-14,41.61
586,2026-01-21,37.04
586,2026-01-28,35.09
586,2026-02-04,39.04
586,2026-02-11,38.52
586,2026-02-18,36.52
586,2026-02-25,41.51
586,2026-03-04,47.54
586,2026-03-11,51.78
586,2026-03-18,53.33
586,2026-03-25,50.14
586,2026-04-01,50.58
586,2026-04-08,45.0
586,2026-04-15,43.62
586,2026-04-22,42.55
586,2026-04-29,36.73
586,2026-05-06,32.42
586,2026-05-13,41.08
586,2026-05-20,38.97
587,2025-05-28,30.7
587,2025-06-04,37.71
587,2025-06-11,36.82
587,2025-06-18,37.84
587,2025-06-25,35.98
587,2025-07-02,40.9
587,2025-07-09,29.54
587,2025-07-16,30.96
587,2025-07-23,26.05
587,2025-07-30,20.67
587,2025-08-06,23.62
587,2025-08-13,27.24
587,2025-08-20,28.46
587,2025-08-27,33.23
587,2025-09-03,38.97
587,2025-09-10,36.37
587,2025-09-17,43.83
587,2025-09-24,40.75
587,2025-10-01,35.05
587,2025-10-08,33.14
587,2025-10-15,30.9
587,2025-10-22,29.57
587,2025-10-29,26.37
587,2025-11-05,28.71
587,2025-11-12,27.15
587,2025-11-19,33.07
587,2025-11-26,35.9
587,2025-12-03,36.92
587,2025-12-10,40.87
587,2025-12-17,39.33
587,2025-12-24,41.09
587,2025-12-31,35.78
587,2026-01-07,32.59
587,2026-01-14,33.59
587,2026-01-21,28.56
587,2026-01-28,28.33
587,2026-02-04,25.45
587,2026-02-11,27.93
587,2026-02-18,36.95
587,2026-02-25,30.47
587,2026-03-04,41.79
587,2026-03-11,41.16
587,2026-03-18,43.9
587,2026-03-25,42.24
587,2026-04-01,41.28
587,2026-04-08,36.98
587,2026-04-15,35.25
587,2026-04-22,30.7
587,2026-04-29,27.96
587,2026-05-06,27.56
587,2026-05-13,30.65
587,2026-05-20,34.01
588,2025-05-28,55.69
588,2025-06-04,54.67
588,2025-06-11,62.41
588,2025-06-18,61.22
588,2025-06-25,60.19
588,2025-07-02,58.72
588,2025-07-09,54.68
588,2025-07-16,48.54
588,2025-07-23,47.53
588,2025-07-30,48.87
588,2025-08-06,44.93
588,2025-08-13,44.79
588,2025-08-20,51.57
588,2025-08-27,53.43
588,2025-09-03,60.35
588,2025-09-10,59.33
588,2025-09-17,62.42
588,2025-09-24,65.2
588,2025-10-01,59.76
588,2025-10-08,58.75
588,2025-10-15,53.04
588,2025-10-22,48.55
588,2025-10-29,49.98
588,2025-11-05,46.37
588,2025-11-12,48.66
588,2025-11-19,55.18
588,2025-11-26,53.9
588,2025-12-03,63.39
588,2025-12-10,68.57
588,2025-12-17,67.13
588,2025-12-24,62.81
588,2025-12-31,60.6
588,2026-01-07,55.87
588,2026-01-14,55.38
588,2026-01-21,47.4
588,2026-01-28,49.22
588,2026-02-04,48.05
588,2026-02-11,48.85
588,2026-02-18,54.72
588,2026-02-25,53.73
588,2026-03-04,57.18
588,2026-03-11,69.13
588,2026-03-18,69.85
588,2026-03-25,63.63
588,2026-04-01,63.91
588,2026-04-08,58.26
588,2026-04-15,58.37
588,2026-04-22,49.94
588,2026-04-29,48.26
588,2026-05-06,48.87
588,2026-05-13,54.34
588,2026-05-20,52.4
589,2025-05-28,26.53
589,2025-06-04,29.75
589,2025-06-11,33.42
589,2025-06-18,35.81
589,2025-06-25,36.07
589,2025-07-02,28.06
589,2025-07-09,30.62
589,2025-07-16,24.19
589,2025-07-23,18.92
589,2025-07-30,18.48
589,2025-08-06,21.45
589,2025-08-13,17.87
589,2025-08-20,21.47
589,2025-08-27,26.98
589,2025-09-03,31.12
589,2025-09-10,30.13
589,2025-09-17,35.46
589,2025-09-24,34.56
589,2025-10-01,33.32
589,2025-10-08,27.88
589,2025-10-15,27.79
589,2025-10-22,24.08
589,2025-10-29,23.9
589,2025-11-05,22.14
589,2025-11-12,19.66
589,2025-11-19,22.94
589,2025-11-26,30.97
589,2025-12-03,32.28
589,2025-12-10,32.87
589,2025-12-17,33.98
589,2025-12-24,35.11
589,2025-12-31,35.21
589,2026-01-07,29.19
589,2026-01-14,26.9
589,2026-01-21,25.62
589,2026-01-28,25.23
589,2026-02-04,18.93
589,2026-02-11,26.22
589,2026-02-18,25.85
589,2026-02-25,31.91
589,2026-03-04,35.69
589,2026-03-11,37.81
589,2026-03-18,35.36
589,2026-03-25,40.93
589,2026-04-01,37.33
589,2026-04-08,34.66
589,2026-04-15,28.29
589,2026-04-22,26.48
589,2026-04-29,26.04
589,2026-05-06,22.32
589,2026-05-13,24.77
589,2026-05-20,26.55
590,2025-05-28,38.76
590,2025-06-04,42.38
590,2025-06-11,41.67
590,2025-06-18,45.1
590,2025-06-25,46.84
590,2025-07-02,39.06
590,2025-07-09,42.92
590,2025-07-16,36.91
590,2025-07-23,34.13
590,2025-07-30,27.56
590,2025-08-06,23.98
590,2025-08-13,29.7
590,2025-08-20,35.55
590,2025-08-27,42.14
590,2025-09-03,42.47
590,2025-09-10,44.68
590,2025-09-17,47.25
590,2025-09-24,49.0
590,2025-10-01,45.92
590,2025-10-08,42.9
590,2025-10-15,37.69
590,2025-10-22,36.73
590,2025-10-29,33.12
590,2025-11-05,30.07
590,2025-11-12,37.35
590,2025-11-19,35.4
590,2025-11-26,37.21
590,2025-12-03,44.44
590,2025-12-10,46.07
590,2025-12-17,49.12
590,2025-12-24,50.82
590,2025-12-31,46.44
590,2026-01-07,44.33
590,2026-01-14,37.35
590,2026-01-21,37.71
590,2026-01-28,31.99
590,2026-02-04,29.54
590,2026-02-11,36.94
590,2026-02-18,36.14
590,2026-02-25,39.21
590,2026-03-04,44.64
590,2026-03-11,51.72
590,2026-03-18,49.15
590,2026-03-25,47.14
590,2026-04-01,48.7
590,2026-04-08,46.52
590,2026-04-15,38.98
590,2026-04-22,40.88
590,2026-04-29,31.03
590,2026-05-06,30.23
590,2026-05-13,36.78
590,2026-05-20,37.23
591,2025-05-28,55.18
591,2025-06-04,64.28
591,2025-06-11,61.15
591,2025-06-18,64.57
591,2025-06-25,64.32
591,2025-07-02,59.08
591,2025-07-09,56.68
591,2025-07-16,50.83
591,2025-07-23,49.45
591,2025-07-30,41.72
591,2025-08-06,49.9
591,2025-08-13,49.1
591,2025-08-20,51.11
591,2025-08-27,50.48
591,2025-09-03,59.05
591,2025-09-10,62.27
591,2025-09-17,62.14
591,2025-09-24,63.19
591,2025-10-01,57.66
591,2025-10-08,57.52
591,2025-10-15,49.63
591,2025-10-22,50.44
591,2025-10-29,44.76
591,2025-11-05,45.51
591,2025-11-12,52.73
591,2025-11-19,49.16
591,2025-11-26,54.65
591,2025-12-03,59.36
591,2025-12-10,65.67
591,2025-12-17,62.73
591,2025-12-24,64.33
591,2025-12-31,58.05
591,2026-01-07,58.73
591,2026-01-14,53.42
591,2026-01-21,50.76
591,2026-01-28,52.19
591,2026-02-04,49.94
591,2026-02-11,52.6
591,2026-02-18,49.52
591,2026-02-25,55.19
591,2026-03-04,56.56
591,2026-03-11,58.32
591,2026-03-18,62.66
591,2026-03-25,68.13
591,2026-04-01,63.19
591,2026-04-08,59.71
591,2026-04-15,56.0
591,2026-04-22,55.93
591,2026-04-29,46.52
591,2026-05-06,48.28
591,2026-05-13,51.46
591,2026-05-20,56.29
592,2025-05-28,28.03
592,2025-06-04,29.05
592,2025-06-11,30.54
592,2025-06-18,38.7
592,2025-06-25,37.04
592,2025-07-02,33.41
592,2025-07-09,27.51
592,2025-07-16,21.86
592,2025-07-23,18.45
592,2025-07-30,22.2
592,2025-08-06,16.13
592,2025-08-13,19.5
592,2025-08-20,25.9
592,2025-08-27,28.79
592,2025-09-03,29.54
592,2025-09-10,33.62
592,2025-09-17,38.45
592,2025-09-24,35.5
592,2025-10-01,34.56
592,2025-10-08,29.4
592,2025-10-15,28.69
592,2025-10-22,24.8
592,2025-10-29,23.56
592,2025-11-05,17.95
592,2025-11-12,18.07
592,2025-11-19,23.75
592,2025-11-26,26.64
592,2025-12-03,33.9
592,2025-12-10,30.49
592,2025-12-17,37.13
592,2025-12-24,34.7
592,2025-12-31,32.56
592,2026-01-07,29.07
592,2026-01-14,24.65
592,2026-01-21,22.98
592,2026-01-28,16.34
592,2026-02-04,18.52
592,2026-02-11,23.18
592,2026-02-18,27.03
592,2026-02-25,29.22
592,2026-03-04,32.33
592,2026-03-11,39.64
592,2026-03-18,38.32
592,2026-03-25,34.04
592,2026-04-01,35.89
592,2026-04-08,28.86
592,2026-04-15,26.9
592,2026-04-22,25.86
592,2026-04-29,25.29
592,2026-05-06,24.58
592,2026-05-13,17.47
592,2026-05-20,27.07
593,2025-05-28,22.41
593,2025-06-04,29.94
593,2025-06-11,32.46
593,2025-06-18,35.41
593,2025-06-25,33.56
593,2025-07-02,24.7
593,2025-07-09,23.49
593,2025-07-16,20.86
593,2025-07-23,18.81
593,2025-07-30,19.05
593,2025-08-06,18.78
593,2025-08-13,20.07
593,2025-08-20,22.98
593,2025-08-27,27.14
593,2025-09-03,26.54
593,2025-09-10,30.29
593,2025-09-17,31.09
593,2025-09-24,34.47
593,2025-10-01,25.87
593,2025-10-08,26.56
593,2025-10-15,25.43
593,2025-10-22,20.17
593,2025-10-29,19.71
593,2025-11-05,20.07
593,2025-11-12,21.59
593,2025-11-19,27.04
593,2025-11-26,23.08
593,2025-12-03,27.14
593,2025-12-10,36.02
593,2025-12-17,34.02
593,2025-12-24,35.28
593,2025-12-31,34.63
593,2026-01-07,25.88
593,2026-01-14,24.07
593,2026-01-21,19.74
593,2026-01-28,21.53
593,2026-02-04,19.01
593,2026-02-11,18.6
593,2026-02-18,25.62
593,2026-02-25,30.59
593,2026-03-04,32.2
593,2026-03-11,33.06
593,2026-03-18,37.82
593,2026-03-25,36.13
593,2026-04-01,32.7
593,2026-04-08,34.47
593,2026-04-15,22.9
593,2026-04-22,21.74
593,2026-04-29,18.45
593,2026-05-06,21.04
593,2026-05-13,20.71
593,2026-05-20,24.54
594,2025-05-28,46.65
594,2025-06-04,47.72
594,2025-06-11,53.77
594,2025-06-18,57.21
594,2025-06-25,54.06
594,2025-07-02,48.81
594,2025-07-09,49.08
594,2025-07-16,50.17
594,2025-07-23,43.82
594,2025-07-30,40.28
594,2025-08-06,40.21
594,2025-08-13,40.22
594,2025-08-20,44.76
594,2025-08-27,46.89
594,2025-09-03,52.23
594,2025-09-10,53.05
594,2025-09-17,55.74
594,2025-09-24,52.01
594,2025-10-01,55.71
594,2025-10-08,47.78
594,2025-10-15,43.58
594,2025-10-22,44.73
594,2025-10-29,42.16
594,2025-11-05,36.55
594,2025-11-12,43.37
594,2025-11-19,42.34
594,2025-11-26,45.92
594,2025-12-03,52.25
594,2025-12-10,59.14
594,2025-12-17,63.14
594,2025-12-24,56.14
594,2025-12-31,57.91
594,2026-01-07,54.36
594,2026-01-14,47.02
594,2026-01-21,48.15
594,2026-01-28,39.92
594,2026-02-04,44.78
594,2026-02-11,46.61
594,2026-02-18,45.86
594,2026-02-25,50.83
594,2026-03-04,53.61
594,2026-03-11,60.63
594,2026-03-18,58.24
594,2026-03-25,57.05
594,2026-04-01,57.48
594,2026-04-08,54.58
594,2026-04-15,49.24
594,2026-04-22,50.5
594,2026-04-29,42.77
594,2026-05-06,44.28
594,2026-05-13,42.63
594,2026-05-20,45.38
595,2025-05-28,43.64
595,2025-06-04,53.02
595,2025-06-11,52.02
595,2025-06-18,50.53
595,2025-06-25,52.13
595,2025-07-02,53.5
595,2025-07-09,45.21
595,2025-07-16,43.31
595,2025-07-23,43.01
595,2025-07-30,39.46
595,2025-08-06,43.32
595,2025-08-13,40.83
595,2025-08-20,42.87
595,2025-08-27,43.79
595,2025-09-03,52.71
595,2025-09-10,52.68
595,2025-09-17,60.84
595,2025-09-24,55.2
595,2025-10-01,51.9
595,2025-10-08,50.8
595,2025-10-15,46.36
595,2025-10-22,46.66
595,2025-10-29,44.83
595,2025-11-05,44.7
595,2025-11-12,43.94
595,2025-11-19,40.75
595,2025-11-26,49.57
595,2025-12-03,52.59
595,2025-12-10,53.09
595,2025-12-17,54.5
595,2025-12-24,62.89
595,2025-12-31,55.88
595,2026-01-07,53.47
595,2026-01-14,50.52
595,2026-01-21,47.54
595,2026-01-28,42.8
595,2026-02-04,47.83
595,2026-02-11,43.88
595,2026-02-18,48.49
595,2026-02-25,49.44
595,2026-03-04,58.09
595,2026-03-11,54.11
595,2026-03-18,60.94
595,2026-03-25,59.95
595,2026-04-01,59.7
595,2026-04-08,55.08
595,2026-04-15,49.13
595,2026-04-22,45.68
595,2026-04-29,41.51
595,2026-05-06,41.13
595,2026-05-13,45.41
595,2026-05-20,45.75
596,2025-05-28,20.31
596,2025-06-04,24.93
596,2025-06-11,29.22
596,2025-06-18,31.07
596,2025-06-25,29.93
596,2025-07-02,29.55
596,2025-07-09,27.6
596,2025-07-16,18.67
596,2025-07-23,16.51
596,2025-07-30,16.39
596,2025-08-06,19.47
596,2025-08-13,19.56
596,2025-08-20,22.04
596,2025-08-27,25.42
596,2025-09-03,27.13
596,2025-09-10,33.06
596,2025-09-17,34.17
596,2025-09-24,27.4
596,2025-10-01,27.56
596,2025-10-08,23.74
596,2025-10-15,25.62
596,2025-10-22,20.81
596,2025-10-29,16.34
596,2025-11-05,16.17
596,2025-11-12,17.56
596,2025-11-19,22.85
596,2025-11-26,25.27
596,2025-12-03,23.75
596,2025-12-10,30.18
596,2025-12-17,31.84
596,2025-12-24,34.25
596,2025-12-31,36.14
596,2026-01-07,28.63
596,2026-01-14,25.06
596,2026-01-21,20.54
596,2026-01-28,16.53
596,2026-02-04,14.55
596,2026-02-11,21.67
596,2026-02-18,22.86
596,2026-02-25,30.08
596,2026-03-04,30.48
596,2026-03-11,36.66
596,2026-03-18,34.52
596,2026-03-25,32.57
596,2026-04-01,32.95
596,2026-04-08,28.94
596,2026-04-15,28.22
596,2026-04-22,18.1
596,2026-04-29,20.95
596,2026-05-06,22.84
596,2026-05-13,22.04
596,2026-05-20,26.33
597,2025-05-28,27.03
597,2025-06-04,33.37
597,2025-06-11,34.57
597,2025-06-18,35.92
597,2025-06-25,36.54
597,2025-07-02,33.94
597,2025-07-09,29.55
597,2025-07-16,28.77
597,2025-07-23,20.4
597,2025-07-30,24.79
597,2025-08-06,18.78
597,2025-08-13,24.33
597,2025-08-20,27.12
597,2025-08-27,32.07
597,2025-09-03,34.43
597,2025-09-10,36.39
597,2025-09-17,37.58
597,2025-09-24,37.35
597,2025-10-01,36.64
597,2025-10-08,37.5
597,2025-10-15,30.76
597,2025-10-22,24.41
597,2025-10-29,22.24
597,2025-11-05,26.43
597,2025-11-12,24.46
597,2025-11-19,24.65
597,2025-11-26,28.17
597,2025-12-03,36.77
597,2025-12-10,36.42
597,2025-12-17,38.89
597,2025-12-24,39.7
597,2025-12-31,37.27
597,2026-01-07,39.2
597,2026-01-14,26.67
597,2026-01-21,27.67
597,2026-01-28,26.17
597,2026-02-04,20.55
597,2026-02-11,23.39
597,2026-02-18,26.43
597,2026-02-25,29.49
597,2026-03-04,35.14
597,2026-03-11,41.45
597,2026-03-18,42.22
597,2026-03-25,39.65
597,2026-04-01,38.27
597,2026-04-08,40.25
597,2026-04-15,33.53
597,2026-04-22,29.97
597,2026-04-29,29.04
597,2026-05-06,26.54
597,2026-05-13,25.98
597,2026-05-20,28.51
598,2025-05-28,35.72
598,2025-06-04,43.57
598,2025-06-11,44.98
598,2025-06-18,43.95
598,2025-06-25,42.49
598,2025-07-02,46.06
598,2025-07-09,42.62
598,2025-07-16,33.38
598,2025-07-23,36.67
598,2025-07-30,34.27
598,2025-08-06,29.14
598,2025-08-13,34.08
598,2025-08-20,33.0
598,2025-08-27,38.39
598,2025-09-03,45.82
598,2025-09-10,44.93
598,2025-09-17,44.05
598,2025-09-24,46.62
598,2025-10-01,48.95
598,2025-10-08,42.81
598,2025-10-15,38.16
598,2025-10-22,35.39
598,2025-10-29,32.84
598,2025-11-05,26.7
598,2025-11-12,32.65
598,2025-11-19,35.1
598,2025-11-26,39.96
598,2025-12-03,43.62
598,2025-12-10,47.0
598,2025-12-17,47.92
598,2025-12-24,50.04
598,2025-12-31,46.43
598,2026-01-07,43.81
598,2026-01-14,38.04
598,2026-01-21,36.09
598,2026-01-28,33.24
598,2026-02-04,34.28
598,2026-02-11,30.9
598,2026-02-18,36.5
598,2026-02-25,39.85
598,2026-03-04,45.15
598,2026-03-11,53.4
598,2026-03-18,47.61
598,2026-03-25,53.22
598,2026-04-01,45.99
598,2026-04-08,43.26
598,2026-04-15,39.69
598,2026-04-22,36.07
598,2026-04-29,35.18
598,2026-05-06,37.18
598,2026-05-13,38.12
598,2026-05-20,39.45
599,2025-05-28,33.14
599,2025-06-04,36.06
599,2025-06-11,36.3
599,2025-06-18,40.58
599,2025-06-25,39.6
599,2025-07-02,32.83
599,2025-07-09,33.5
599,2025-07-16,31.96
599,2025-07-23,34.63
599,2025-07-30,22.82
599,2025-08-06,24.56
599,2025-08-13,21.54
599,2025-08-20,24.26
599,2025-08-27,30.94
599,2025-09-03,39.25
599,2025-09-10,43.48
599,2025-09-17,43.38
599,2025-09-24,40.5
599,2025-10-01,35.56
599,2025-10-08,31.91
599,2025-10-15,33.12
599,2025-10-22,27.8
599,2025-10-29,25.73
599,2025-11-05,22.9
599,2025-11-12,26.54
599,2025-11-19,27.6
599,2025-11-26,35.38
599,2025-12-03,43.88
599,2025-12-10,34.9
599,2025-12-17,44.67
599,2025-12-24,42.66
599,2025-12-31,39.05
599,2026-01-07,35.85
599,2026-01-14,32.97
599,2026-01-21,29.51
599,2026-01-28,31.5
599,2026-02-04,22.17
599,2026-02-11,30.64
599,2026-02-18,27.11
599,2026-02-25,35.8
599,2026-03-04,36.1
599,2026-03-11,40.17
599,2026-03-18,41.45
599,2026-03-25,40.83
599,2026-04-01,39.86
599,2026-04-08,36.82
599,2026-04-15,32.9
599,2026-04-22,29.19
599,2026-04-29,26.98
599,2026-05-06,32.36
599,2026-05-13,31.43
599,2026-05-20,31.18
600,2025-05-28,29.39
600,2025-06-04,31.54
600,2025-06-11,35.11
600,2025-06-18,35.27
600,2025-06-25,38.12
600,2025-07-02,35.6
600,2025-07-09,30.21
600,2025-07-16,28.08
600,2025-07-23,21.08
600,2025-07-30,24.8
600,2025-08-06,18.68
600,2025-08-13,23.49
600,2025-08-20,26.29
600,2025-08-27,28.64
600,2025-09-03,34.02
600,2025-09-10,34.35
600,2025-09-17,36.8
600,2025-09-24,34.22
600,2025-10-01,36.31
600,2025-10-08,36.61
600,2025-10-15,30.52
600,2025-10-22,28.01
600,2025-10-29,25.26
600,2025-11-05,22.06
600,2025-11-12,25.92
600,2025-11-19,27.57
600,2025-11-26,31.41
600,2025-12-03,33.25
600,2025-12-10,42.06
600,2025-12-17,37.62
600,2025-12-24,35.81
600,2025-12-31,35.54
600,2026-01-07,34.21
600,2026-01-14,30.19
600,2026-01-21,26.6
600,2026-01-28,23.02
600,2026-02-04,27.71
600,2026-02-11,26.87
600,2026-02-18,28.53
600,2026-02-25,33.65
600,2026-03-04,32.93
600,2026-03-11,41.0
600,2026-03-18,41.25
600,2026-03-25,39.57
600,2026-04-01,33.29
600,2026-04-08,31.83
600,2026-04-15,38.19
600,2026-04-22,31.3
600,2026-04-29,26.61
600,2026-05-06,28.41
600,2026-05-13,26.98
600,2026-05-20,28.58
601,2025-05-28,58.16
601,2025-06-04,58.5
601,2025-06-11,56.25
601,2025-06-18,62.79
601,2025-06-25,58.5
601,2025-07-02,58.84
601,2025-07-09,53.48
601,2025-07-16,52.76
601,2025-07-23,50.09
601,2025-07-30,45.35
601,2025-08-06,44.75
601,2025-08-13,47.95
601,2025-08-20,47.96
601,2025-08-27,52.1
601,2025-09-03,56.4
601,2025-09-10,58.81
601,2025-09-17,64.55
601,2025-09-24,60.32
601,2025-10-01,62.09
601,2025-10-08,58.03
601,2025-10-15,50.06
601,2025-10-22,51.45
601,2025-10-29,48.23
601,2025-11-05,45.6
601,2025-11-12,51.8
601,2025-11-19,51.65
601,2025-11-26,57.92
601,2025-12-03,59.69
601,2025-12-10,61.74
601,2025-12-17,61.15
601,2025-12-24,63.89
601,2025-12-31,59.22
601,2026-01-07,56.16
601,2026-01-14,53.52
601,2026-01-21,51.0
601,2026-01-28,49.55
601,2026-02-04,48.16
601,2026-02-11,49.76
601,2026-02-18,53.79
601,2026-02-25,55.07
601,2026-03-04,61.67
601,2026-03-11,61.13
601,2026-03-18,63.14
601,2026-03-25,67.24
601,2026-04-01,62.84
601,2026-04-08,60.8
601,2026-04-15,55.69
601,2026-04-22,54.16
601,2026-04-29,46.15
601,2026-05-06,49.05
601,2026-05-13,51.06
601,2026-05-20,50.3
602,2025-05-28,40.4
602,2025-06-04,34.48
602,2025-06-11,41.19
602,2025-06-18,43.4
602,2025-06-25,39.85
602,2025-07-02,42.98
602,2025-07-09,34.08
602,2025-07-16,34.87
602,2025-07-23,28.45
602,2025-07-30,24.88
602,2025-08-06,25.44
602,2025-08-13,27.56
602,2025-08-20,35.41
602,2025-08-27,33.44
602,2025-09-03,41.07
602,2025-09-10,35.76
602,2025-09-17,41.7
602,2025-09-24,42.38
602,2025-10-01,41.49
602,2025-10-08,37.6
602,2025-10-15,33.29
602,2025-10-22,30.1
602,2025-10-29,26.18
602,2025-11-05,28.25
602,2025-11-12,26.13
602,2025-11-19,29.52
602,2025-11-26,35.38
602,2025-12-03,41.28
602,2025-12-10,44.54
602,2025-12-17,39.86
602,2025-12-24,45.34
602,2025-12-31,42.5
602,2026-01-07,38.34
602,2026-01-14,33.71
602,2026-01-21,33.94
602,2026-01-28,31.5
602,2026-02-04,28.64
602,2026-02-11,31.41
602,2026-02-18,32.68
602,2026-02-25,34.1
602,2026-03-04,39.45
602,2026-03-11,43.16
602,2026-03-18,42.85
602,2026-03-25,51.25
602,2026-04-01,43.02
602,2026-04-08,37.45
602,2026-04-15,34.5
602,2026-04-22,30.86
602,2026-04-29,29.37
602,2026-05-06,33.98
602,2026-05-13,27.35
602,2026-05-20,33.06
603,2025-05-28,45.69
603,2025-06-04,55.03
603,2025-06-11,54.88
603,2025-06-18,58.19
603,2025-06-25,60.12
603,2025-07-02,54.35
603,2025-07-09,46.82
603,2025-07-16,45.22
603,2025-07-23,44.41
603,2025-07-30,38.85
603,2025-08-06,42.43
603,2025-08-13,44.93
603,2025-08-20,47.18
603,2025-08-27,46.73
603,2025-09-03,52.9
603,2025-09-10,55.72
603,2025-09-17,55.9
603,2025-09-24,57.74
603,2025-10-01,57.57
603,2025-10-08,53.36
603,2025-10-15,47.15
603,2025-10-22,48.39
603,2025-10-29,47.56
603,2025-11-05,41.84
603,2025-11-12,42.45
603,2025-11-19,43.89
603,2025-11-26,50.92
603,2025-12-03,55.24
603,2025-12-10,58.81
603,2025-12-17,62.92
603,2025-12-24,56.49
603,2025-12-31,60.32
603,2026-01-07,53.48
603,2026-01-14,49.15
603,2026-01-21,44.28
603,2026-01-28,45.47
603,2026-02-04,45.41
603,2026-02-11,47.77
603,2026-02-18,50.23
603,2026-02-25,50.9
603,2026-03-04,53.03
603,2026-03-11,62.37
603,2026-03-18,61.41
603,2026-03-25,57.23
603,2026-04-01,58.3
603,2026-04-08,53.21
603,2026-04-15,47.09
603,2026-04-22,49.2
603,2026-04-29,46.3
603,2026-05-06,45.56
603,2026-05-13,46.84
603,2026-05-20,51.01
604,2025-05-28,28.82
604,2025-06-04,24.07
604,2025-06-11,25.75
604,2025-06-18,36.8
604,2025-06-25,33.44
604,2025-07-02,26.1
604,2025-07-09,21.97
604,2025-07-16,22.87
604,2025-07-23,16.12
604,2025-07-30,14.45
604,2025-08-06,17.71
604,2025-08-13,17.85
604,2025-08-20,22.54
604,2025-08-27,23.53
604,2025-09-03,22.59
604,2025-09-10,28.88
604,2025-09-17,28.75
604,2025-09-24,30.93
604,2025-10-01,29.41
604,2025-10-08,27.47
604,2025-10-15,20.34
604,2025-10-22,21.31
604,2025-10-29,16.54
604,2025-11-05,17.03
604,2025-11-12,19.47
604,2025-11-19,21.43
604,2025-11-26,26.73
604,2025-12-03,26.04
604,2025-12-10,30.93
604,2025-12-17,33.6
604,2025-12-24,34.02
604,2025-12-31,34.33
604,2026-01-07,30.43
604,2026-01-14,23.62
604,2026-01-21,23.87
604,2026-01-28,21.44
604,2026-02-04,13.27
604,2026-02-11,20.67
604,2026-02-18,22.38
604,2026-02-25,29.95
604,2026-03-04,28.59
604,2026-03-11,34.81
604,2026-03-18,33.63
604,2026-03-25,35.45
604,2026-04-01,34.81
604,2026-04-08,29.75
604,2026-04-15,24.93
604,2026-04-22,26.58
604,2026-04-29,18.68
604,2026-05-06,19.04
604,2026-05-13,20.68
604,2026-05-20,22.99
605,2025-05-28,46.6
605,2025-06-04,51.14
605,2025-06-11,51.05
605,2025-06-18,56.62
605,2025-06-25,57.93
605,2025-07-02,51.5
605,2025-07-09,51.87
605,2025-07-16,44.04
605,2025-07-23,42.15
605,2025-07-30,41.91
605,2025-08-06,35.82
605,2025-08-13,43.88
605,2025-08-20,47.01
605,2025-08-27,48.45
605,2025-09-03,48.49
605,2025-09-10,54.23
605,2025-09-17,57.37
605,2025-09-24,55.51
605,2025-10-01,56.07
605,2025-10-08,49.47
605,2025-10-15,47.94
605,2025-10-22,42.81
605,2025-10-29,41.57
605,2025-11-05,42.36
605,2025-11-12,43.23
605,2025-11-19,45.52
605,2025-11-26,48.42
605,2025-12-03,51.42
605,2025-12-10,56.46
605,2025-12-17,56.1
605,2025-12-24,55.21
605,2025-12-31,53.7
605,2026-01-07,50.97
605,2026-01-14,43.55
605,2026-01-21,47.18
605,2026-01-28,44.09
605,2026-02-04,37.65
605,2026-02-11,42.07
605,2026-02-18,41.24
605,2026-02-25,49.72
605,2026-03-04,57.91
605,2026-03-11,57.45
605,2026-03-18,55.05
605,2026-03-25,56.07
605,2026-04-01,57.22
605,2026-04-08,53.78
605,2026-04-15,46.26
605,2026-04-22,44.58
605,2026-04-29,44.87
605,2026-05-06,43.19
605,2026-05-13,48.18
605,2026-05-20,50.43
606,2025-05-28,50.42
606,2025-06-04,58.03
606,2025-06-11,55.07
606,2025-06-18,57.78
606,2025-06-25,59.75
606,2025-07-02,58.68
606,2025-07-09,50.57
606,2025-07-16,47.06
606,2025-07-23,44.26
606,2025-07-30,45.54
606,2025-08-06,46.45
606,2025-08-13,42.71
606,2025-08-20,50.8
606,2025-08-27,52.86
606,2025-09-03,55.57
606,2025-09-10,61.11
606,2025-09-17,58.03
606,2025-09-24,63.54
606,2025-10-01,56.11
606,2025-10-08,58.82
606,2025-10-15,53.11
606,2025-10-22,44.69
606,2025-10-29,47.15
606,2025-11-05,44.79
606,2025-11-12,45.31
606,2025-11-19,53.27
606,2025-11-26,53.64
606,2025-12-03,55.06
606,2025-12-10,59.68
606,2025-12-17,58.33
606,2025-12-24,63.4
606,2025-12-31,60.51
606,2026-01-07,57.94
606,2026-01-14,50.84
606,2026-01-21,45.94
606,2026-01-28,47.03
606,2026-02-04,45.81
606,2026-02-11,48.42
606,2026-02-18,51.04
606,2026-02-25,53.77
606,2026-03-04,57.83
606,2026-03-11,59.05
606,2026-03-18,63.43
606,2026-03-25,59.63
606,2026-04-01,59.08
606,2026-04-08,56.52
606,2026-04-15,54.55
606,2026-04-22,48.99
606,2026-04-29,48.63
606,2026-05-06,47.91
606,2026-05-13,51.3
606,2026-05-20,52.82
607,2025-05-28,37.11
607,2025-06-04,36.02
607,2025-06-11,40.82
607,2025-06-18,44.91
607,2025-06-25,36.02
607,2025-07-02,41.73
607,2025-07-09,33.41
607,2025-07-16,33.16
607,2025-07-23,26.83
607,2025-07-30,31.11
607,2025-08-06,26.71
607,2025-08-13,32.93
607,2025-08-20,31.85
607,2025-08-27,35.5
607,2025-09-03,43.49
607,2025-09-10,43.42
607,2025-09-17,43.75
607,2025-09-24,41.44
607,2025-10-01,41.3
607,2025-10-08,39.39
607,2025-10-15,34.91
607,2025-10-22,34.05
607,2025-10-29,23.83
607,2025-11-05,27.85
607,2025-11-12,33.27
607,2025-11-19,31.93
607,2025-11-26,35.23
607,2025-12-03,40.52
607,2025-12-10,45.28
607,2025-12-17,48.55
607,2025-12-24,44.91
607,2025-12-31,45.54
607,2026-01-07,42.56
607,2026-01-14,33.95
607,2026-01-21,31.5
607,2026-01-28,28.05
607,2026-02-04,33.26
607,2026-02-11,28.15
607,2026-02-18,32.35
607,2026-02-25,38.22
607,2026-03-04,40.67
607,2026-03-11,47.33
607,2026-03-18,43.77
607,2026-03-25,43.44
607,2026-04-01,52.86
607,2026-04-08,40.74
607,2026-04-15,41.07
607,2026-04-22,32.33
607,2026-04-29,28.23
607,2026-05-06,29.64
607,2026-05-13,31.57
607,2026-05-20,38.84
608,2025-05-28,30.79
608,2025-06-04,38.65
608,2025-06-11,41.49
608,2025-06-18,38.59
608,2025-06-25,40.35
608,2025-07-02,39.87
608,2025-07-09,33.94
608,2025-07-16,30.98
608,2025-07-23,29.61
608,2025-07-30,21.38
608,2025-08-06,22.7
608,2025-08-13,27.09
608,2025-08-20,29.21
608,2025-08-27,33.1
608,2025-09-03,34.49
608,2025-09-10,39.5
608,2025-09-17,42.96
608,2025-09-24,39.21
608,2025-10-01,38.22
608,2025-10-08,32.03
608,2025-10-15,35.88
608,2025-10-22,28.03
608,2025-10-29,24.0
608,2025-11-05,28.9
608,2025-11-12,25.86
608,2025-11-19,27.01
608,2025-11-26,28.34
608,2025-12-03,38.66
608,2025-12-10,39.49
608,2025-12-17,43.8
608,2025-12-24,43.55
608,2025-12-31,42.86
608,2026-01-07,34.63
608,2026-01-14,32.05
608,2026-01-21,25.6
608,2026-01-28,28.12
608,2026-02-04,26.56
608,2026-02-11,25.46
608,2026-02-18,36.42
608,2026-02-25,32.24
608,2026-03-04,41.92
608,2026-03-11,40.0
608,2026-03-18,43.82
608,2026-03-25,44.84
608,2026-04-01,42.82
608,2026-04-08,35.98
608,2026-04-15,35.82
608,2026-04-22,29.26
608,2026-04-29,26.4
608,2026-05-06,26.97
608,2026-05-13,30.38
608,2026-05-20,33.3
609,2025-05-28,36.94
609,2025-06-04,41.49
609,2025-06-11,42.07
609,2025-06-18,42.1
609,2025-06-25,40.26
609,2025-07-02,44.85
609,2025-07-09,43.42
609,2025-07-16,41.4
609,2025-07-23,28.13
609,2025-07-30,35.87
609,2025-08-06,35.1
609,2025-08-13,26.65
609,2025-08-20,36.98
609,2025-08-27,41.57
609,2025-09-03,42.06
609,2025-09-10,45.5
609,2025-09-17,42.57
609,2025-09-24,51.83
609,2025-10-01,43.31
609,2025-10-08,41.11
609,2025-10-15,35.04
609,2025-10-22,33.81
609,2025-10-29,31.71
609,2025-11-05,27.78
609,2025-11-12,34.63
609,2025-11-19,38.84
609,2025-11-26,39.36
609,2025-12-03,41.7
609,2025-12-10,43.59
609,2025-12-17,48.4
609,2025-12-24,44.54
609,2025-12-31,46.11
609,2026-01-07,44.61
609,2026-01-14,38.0
609,2026-01-21,33.91
609,2026-01-28,26.71
609,2026-02-04,35.33
609,2026-02-11,31.11
609,2026-02-18,36.16
609,2026-02-25,40.34
609,2026-03-04,48.15
609,2026-03-11,47.31
609,2026-03-18,49.4
609,2026-03-25,53.17
609,2026-04-01,45.81
609,2026-04-08,43.98
609,2026-04-15,37.16
609,2026-04-22,35.88
609,2026-04-29,34.52
609,2026-05-06,33.78
609,2026-05-13,37.45
609,2026-05-20,37.07
610,2025-05-28,49.37
610,2025-06-04,53.82
610,2025-06-11,46.83
610,2025-06-18,52.53
610,2025-06-25,54.58
610,2025-07-02,54.34
610,2025-07-09,46.73
610,2025-07-16,42.39
610,2025-07-23,40.65
610,2025-07-30,44.32
610,2025-08-06,37.22
610,2025-08-13,39.04
610,2025-08-20,40.29
610,2025-08-27,45.3
610,2025-09-03,48.13
610,2025-09-10,47.99
610,2025-09-17,51.15
610,2025-09-24,55.64
610,2025-10-01,51.59
610,2025-10-08,44.53
610,2025-10-15,43.5
610,2025-10-22,40.41
610,2025-10-29,42.31
610,2025-11-05,41.26
610,2025-11-12,40.99
610,2025-11-19,43.17
610,2025-11-26,45.48
610,2025-12-03,50.88
610,2025-12-10,53.36
610,2025-12-17,58.61
610,2025-12-24,55.53
610,2025-12-31,55.95
610,2026-01-07,51.66
610,2026-01-14,45.57
610,2026-01-21,44.48
610,2026-01-28,41.78
610,2026-02-04,37.02
610,2026-02-11,38.55
610,2026-02-18,39.64
610,2026-02-25,50.44
610,2026-03-04,48.44
610,2026-03-11,54.48
610,2026-03-18,55.32
610,2026-03-25,59.94
610,2026-04-01,50.45
610,2026-04-08,50.5
610,2026-04-15,47.51
610,2026-04-22,38.97
610,2026-04-29,43.58
610,2026-05-06,40.62
610,2026-05-13,41.26
610,2026-05-20,46.18
611,2025-05-28,53.77
611,2025-06-04,63.32
611,2025-06-11,63.03
611,2025-06-18,72.06
611,2025-06-25,72.01
611,2025-07-02,59.57
611,2025-07-09,54.98
611,2025-07-16,53.41
611,2025-07-23,48.98
611,2025-07-30,41.77
611,2025-08-06,47.36
611,2025-08-13,50.36
611,2025-08-20,58.61
611,2025-08-27,56.31
611,2025-09-03,71.28
611,2025-09-10,74.73
611,2025-09-17,66.27
611,2025-09-24,71.65
611,2025-10-01,62.08
611,2025-10-08,63.86
611,2025-10-15,56.21
611,2025-10-22,43.72
611,2025-10-29,51.39
611,2025-11-05,38.57
611,2025-11-12,46.44
611,2025-11-19,44.13
611,2025-11-26,54.75
611,2025-12-03,66.79
611,2025-12-10,74.91
611,2025-12-17,71.08
611,2025-12-24,79.04
611,2025-12-31,72.14
611,2026-01-07,72.45
611,2026-01-14,58.15
611,2026-01-21,44.9
611,2026-01-28,47.04
611,2026-02-04,47.0
611,2026-02-11,47.09
611,2026-02-18,63.45
611,2026-02-25,59.58
611,2026-03-04,62.24
611,2026-03-11,73.04
611,2026-03-18,73.07
611,2026-03-25,72.71
611,2026-04-01,71.4
611,2026-04-08,61.59
611,2026-04-15,56.73
611,2026-04-22,48.93
611,2026-04-29,55.13
611,2026-05-06,56.15
611,2026-05-13,56.89
611,2026-05-20,53.95
612,2025-05-28,56.25
612,2025-06-04,65.52
612,2025-06-11,70.69
612,2025-06-18,69.52
612,2025-06-25,70.93
612,2025-07-02,71.92
612,2025-07-09,57.9
612,2025-07-16,56.45
612,2025-07-23,45.33
612,2025-07-30,52.65
612,2025-08-06,50.68
612,2025-08-13,51.39
612,2025-08-20,52.81
612,2025-08-27,60.31
612,2025-09-03,64.14
612,2025-09-10,73.03
612,2025-09-17,82.44
612,2025-09-24,74.08
612,2025-10-01,75.54
612,2025-10-08,66.02
612,2025-10-15,64.19
612,2025-10-22,54.45
612,2025-10-29,53.06
612,2025-11-05,42.4
612,2025-11-12,57.39
612,2025-11-19,55.39
612,2025-11-26,67.61
612,2025-12-03,66.7
612,2025-12-10,72.72
612,2025-12-17,74.06
612,2025-12-24,73.02
612,2025-12-31,80.24
612,2026-01-07,71.17
612,2026-01-14,53.96
612,2026-01-21,52.07
612,2026-01-28,58.22
612,2026-02-04,45.96
612,2026-02-11,49.99
612,2026-02-18,56.09
612,2026-02-25,69.28
612,2026-03-04,77.52
612,2026-03-11,81.21
612,2026-03-18,84.16
612,2026-03-25,79.66
612,2026-04-01,70.95
612,2026-04-08,64.61
612,2026-04-15,59.82
612,2026-04-22,56.75
612,2026-04-29,61.35
612,2026-05-06,59.24
612,2026-05-13,48.46
612,2026-05-20,61.82
613,2025-05-28,53.8
613,2025-06-04,60.17
613,2025-06-11,61.4
613,2025-06-18,69.93
613,2025-06-25,63.04
613,2025-07-02,61.57
613,2025-07-09,52.33
613,2025-07-16,44.45
613,2025-07-23,35.79
613,2025-07-30,31.71
613,2025-08-06,42.07
613,2025-08-13,44.49
613,2025-08-20,38.09
613,2025-08-27,51.66
613,2025-09-03,46.04
613,2025-09-10,61.77
613,2025-09-17,71.47
613,2025-09-24,64.17
613,2025-10-01,56.14
613,2025-10-08,53.14
613,2025-10-15,39.88
613,2025-10-22,37.47
613,2025-10-29,40.5
613,2025-11-05,29.03
613,2025-11-12,39.71
613,2025-11-19,43.41
613,2025-11-26,53.3
613,2025-12-03,57.4
613,2025-12-10,61.25
613,2025-12-17,62.16
613,2025-12-24,62.54
613,2025-12-31,70.5
613,2026-01-07,51.93
613,2026-01-14,53.24
613,2026-01-21,43.55
613,2026-01-28,38.08
613,2026-02-04,37.34
613,2026-02-11,45.28
613,2026-02-18,46.09
613,2026-02-25,62.16
613,2026-03-04,65.23
613,2026-03-11,71.09
613,2026-03-18,73.1
613,2026-03-25,65.37
613,2026-04-01,67.96
613,2026-04-08,54.88
613,2026-04-15,50.08
613,2026-04-22,53.33
613,2026-04-29,40.61
613,2026-05-06,41.79
613,2026-05-13,46.98
613,2026-05-20,56.95
614,2025-05-28,71.01
614,2025-06-04,74.69
614,2025-06-11,74.53
614,2025-06-18,81.28
614,2025-06-25,80.47
614,2025-07-02,71.72
614,2025-07-09,67.71
614,2025-07-16,64.21
614,2025-07-23,66.76
614,2025-07-30,54.62
614,2025-08-06,52.24
614,2025-08-13,50.97
614,2025-08-20,55.66
614,2025-08-27,68.94
614,2025-09-03,76.85
614,2025-09-10,82.95
614,2025-09-17,88.42
614,2025-09-24,87.12
614,2025-10-01,82.29
614,2025-10-08,75.66
614,2025-10-15,67.88
614,2025-10-22,70.24
614,2025-10-29,65.62
614,2025-11-05,58.0
614,2025-11-12,62.12
614,2025-11-19,67.61
614,2025-11-26,73.7
614,2025-12-03,77.01
614,2025-12-10,81.15
614,2025-12-17,86.52
614,2025-12-24,81.35
614,2025-12-31,84.99
614,2026-01-07,75.09
614,2026-01-14,66.19
614,2026-01-21,66.23
614,2026-01-28,67.61
614,2026-02-04,57.15
614,2026-02-11,66.78
614,2026-02-18,70.63
614,2026-02-25,69.23
614,2026-03-04,81.66
614,2026-03-11,86.1
614,2026-03-18,86.67
614,2026-03-25,92.2
614,2026-04-01,87.13
614,2026-04-08,73.66
614,2026-04-15,74.71
614,2026-04-22,67.29
614,2026-04-29,63.85
614,2026-05-06,60.51
614,2026-05-13,71.56
614,2026-05-20,64.97
615,2025-05-28,64.61
615,2025-06-04,79.2
615,2025-06-11,80.06
615,2025-06-18,80.05
615,2025-06-25,81.76
615,2025-07-02,75.85
615,2025-07-09,61.4
615,2025-07-16,70.09
615,2025-07-23,70.14
615,2025-07-30,61.77
615,2025-08-06,56.09
615,2025-08-13,56.73
615,2025-08-20,67.32
615,2025-08-27,71.58
615,2025-09-03,77.19
615,2025-09-10,85.08
615,2025-09-17,85.41
615,2025-09-24,84.16
615,2025-10-01,71.24
615,2025-10-08,77.23
615,2025-10-15,77.98
615,2025-10-22,65.27
615,2025-10-29,53.31
615,2025-11-05,54.48
615,2025-11-12,55.48
615,2025-11-19,60.65
615,2025-11-26,70.72
615,2025-12-03,86.79
615,2025-12-10,83.39
615,2025-12-17,86.99
615,2025-12-24,85.52
615,2025-12-31,78.3
615,2026-01-07,82.4
615,2026-01-14,69.61
615,2026-01-21,65.78
615,2026-01-28,59.18
615,2026-02-04,56.85
615,2026-02-11,62.38
615,2026-02-18,63.62
615,2026-02-25,82.47
615,2026-03-04,80.14
615,2026-03-11,84.06
615,2026-03-18,87.06
615,2026-03-25,99.12
615,2026-04-01,82.08
615,2026-04-08,76.61
615,2026-04-15,66.81
615,2026-04-22,64.92
615,2026-04-29,62.71
615,2026-05-06,61.63
615,2026-05-13,64.09
615,2026-05-20,73.62
616,2025-05-28,44.69
616,2025-06-04,45.57
616,2025-06-11,54.07
616,2025-06-18,54.06
616,2025-06-25,55.13
616,2025-07-02,58.51
616,2025-07-09,51.03
616,2025-07-16,40.29
616,2025-07-23,34.4
616,2025-07-30,25.12
616,2025-08-06,24.65
616,2025-08-13,31.79
616,2025-08-20,35.49
616,2025-08-27,49.78
616,2025-09-03,49.88
616,2025-09-10,57.39
616,2025-09-17,67.61
616,2025-09-24,64.1
616,2025-10-01,54.88
616,2025-10-08,43.24
616,2025-10-15,39.83
616,2025-10-22,34.02
616,2025-10-29,30.47
616,2025-11-05,29.72
616,2025-11-12,31.24
616,2025-11-19,32.26
616,2025-11-26,48.45
616,2025-12-03,60.55
616,2025-12-10,63.15
616,2025-12-17,55.94
616,2025-12-24,52.98
616,2025-12-31,59.52
616,2026-01-07,56.45
616,2026-01-14,46.98
616,2026-01-21,45.03
616,2026-01-28,35.8
616,2026-02-04,35.77
616,2026-02-11,37.12
616,2026-02-18,43.33
616,2026-02-25,51.49
616,2026-03-04,62.35
616,2026-03-11,63.84
616,2026-03-18,66.7
616,2026-03-25,60.14
616,2026-04-01,54.72
616,2026-04-08,54.34
616,2026-04-15,44.83
616,2026-04-22,44.59
616,2026-04-29,37.48
616,2026-05-06,36.83
616,2026-05-13,38.79
616,2026-05-20,42.78
617,2025-05-28,50.83
617,2025-06-04,60.93
617,2025-06-11,63.94
617,2025-06-18,63.47
617,2025-06-25,66.23
617,2025-07-02,73.91
617,2025-07-09,53.0
617,2025-07-16,57.51
617,2025-07-23,48.87
617,2025-07-30,43.31
617,2025-08-06,43.52
617,2025-08-13,51.6
617,2025-08-20,52.33
617,2025-08-27,48.82
617,2025-09-03,61.67
617,2025-09-10,74.25
617,2025-09-17,68.48
617,2025-09-24,78.83
617,2025-10-01,75.07
617,2025-10-08,59.26
617,2025-10-15,48.25
617,2025-10-22,40.35
617,2025-10-29,53.72
617,2025-11-05,45.15
617,2025-11-12,47.88
617,2025-11-19,53.25
617,2025-11-26,55.22
617,2025-12-03,63.82
617,2025-12-10,69.18
617,2025-12-17,72.9
617,2025-12-24,74.51
617,2025-12-31,75.86
617,2026-01-07,62.98
617,2026-01-14,54.03
617,2026-01-21,57.95
617,2026-01-28,42.93
617,2026-02-04,48.57
617,2026-02-11,51.54
617,2026-02-18,52.26
617,2026-02-25,59.18
617,2026-03-04,72.72
617,2026-03-11,77.34
617,2026-03-18,74.48
617,2026-03-25,74.56
617,2026-04-01,71.6
617,2026-04-08,53.0
617,2026-04-15,53.48
617,2026-04-22,51.66
617,2026-04-29,55.48
617,2026-05-06,52.01
617,2026-05-13,51.77
617,2026-05-20,59.77
618,2025-05-28,67.19
618,2025-06-04,76.96
618,2025-06-11,81.23
618,2025-06-18,82.46
618,2025-06-25,76.93
618,2025-07-02,77.37
618,2025-07-09,67.8
618,2025-07-16,59.32
618,2025-07-23,62.14
618,2025-07-30,59.82
618,2025-08-06,58.51
618,2025-08-13,47.4
618,2025-08-20,64.29
618,2025-08-27,72.37
618,2025-09-03,77.35
618,2025-09-10,74.61
618,2025-09-17,81.49
618,2025-09-24,80.39
618,2025-10-01,75.35
618,2025-10-08,78.52
618,2025-10-15,64.75
618,2025-10-22,65.53
618,2025-10-29,50.89
618,2025-11-05,59.54
618,2025-11-12,57.64
618,2025-11-19,65.01
618,2025-11-26,70.47
618,2025-12-03,76.84
618,2025-12-10,81.91
618,2025-12-17,93.69
618,2025-12-24,87.5
618,2025-12-31,79.96
618,2026-01-07,75.35
618,2026-01-14,63.58
618,2026-01-21,62.44
618,2026-01-28,51.29
618,2026-02-04,62.91
618,2026-02-11,57.18
618,2026-02-18,69.3
618,2026-02-25,68.77
618,2026-03-04,80.91
618,2026-03-11,82.87
618,2026-03-18,91.49
618,2026-03-25,88.43
618,2026-04-01,88.17
618,2026-04-08,75.07
618,2026-04-15,70.43
618,2026-04-22,64.07
618,2026-04-29,55.49
618,2026-05-06,67.31
618,2026-05-13,57.32
618,2026-05-20,65.1
619,2025-05-28,57.65
619,2025-06-04,61.45
619,2025-06-11,78.03
619,2025-06-18,66.33
619,2025-06-25,65.52
619,2025-07-02,58.27
619,2025-07-09,60.56
619,2025-07-16,54.37
619,2025-07-23,41.75
619,2025-07-30,40.89
619,2025-08-06,44.1
619,2025-08-13,43.31
619,2025-08-20,49.09
619,2025-08-27,47.02
619,2025-09-03,70.46
619,2025-09-10,70.56
619,2025-09-17,71.71
619,2025-09-24,73.97
619,2025-10-01,67.7
619,2025-10-08,67.54
619,2025-10-15,47.41
619,2025-10-22,48.22
619,2025-10-29,38.26
619,2025-11-05,50.87
619,2025-11-12,48.23
619,2025-11-19,51.74
619,2025-11-26,58.07
619,2025-12-03,64.35
619,2025-12-10,76.95
619,2025-12-17,72.5
619,2025-12-24,72.03
619,2025-12-31,76.26
619,2026-01-07,58.86
619,2026-01-14,54.56
619,2026-01-21,48.46
619,2026-01-28,50.63
619,2026-02-04,39.49
619,2026-02-11,44.99
619,2026-02-18,57.71
619,2026-02-25,63.08
619,2026-03-04,71.2
619,2026-03-11,72.95
619,2026-03-18,69.59
619,2026-03-25,79.7
619,2026-04-01,67.57
619,2026-04-08,72.17
619,2026-04-15,59.85
619,2026-04-22,53.42
619,2026-04-29,53.44
619,2026-05-06,46.42
619,2026-05-13,52.67
619,2026-05-20,62.24
620,2025-05-28,66.6
620,2025-06-04,65.13
620,2025-06-11,72.73
620,2025-06-18,80.44
620,2025-06-25,82.66
620,2025-07-02,78.38
620,2025-07-09,62.95
620,2025-07-16,62.73
620,2025-07-23,53.64
620,2025-07-30,49.16
620,2025-08-06,52.07
620,2025-08-13,56.73
620,2025-08-20,57.85
620,2025-08-27,65.18
620,2025-09-03,64.3
620,2025-09-10,77.6
620,2025-09-17,82.39
620,2025-09-24,82.25
620,2025-10-01,81.08
620,2025-10-08,68.48
620,2025-10-15,55.15
620,2025-10-22,64.78
620,2025-10-29,49.36
620,2025-11-05,47.76
620,2025-11-12,55.8
620,2025-11-19,54.35
620,2025-11-26,71.54
620,2025-12-03,74.49
620,2025-12-10,76.92
620,2025-12-17,80.26
620,2025-12-24,79.63
620,2025-12-31,79.28
620,2026-01-07,71.22
620,2026-01-14,67.91
620,2026-01-21,54.69
620,2026-01-28,53.73
620,2026-02-04,53.07
620,2026-02-11,55.71
620,2026-02-18,67.57
620,2026-02-25,76.66
620,2026-03-04,82.79
620,2026-03-11,80.33
620,2026-03-18,89.26
620,2026-03-25,86.63
620,2026-04-01,81.8
620,2026-04-08,76.1
620,2026-04-15,59.9
620,2026-04-22,61.95
620,2026-04-29,56.48
620,2026-05-06,51.8
620,2026-05-13,59.49
620,2026-05-20,65.14
621,2025-05-28,61.29
621,2025-06-04,66.09
621,2025-06-11,68.26
621,2025-06-18,68.07
621,2025-06-25,74.87
621,2025-07-02,71.39
621,2025-07-09,71.54
621,2025-07-16,56.75
621,2025-07-23,49.43
621,2025-07-30,51.62
621,2025-08-06,53.75
621,2025-08-13,47.12
621,2025-08-20,47.97
621,2025-08-27,67.88
621,2025-09-03,63.14
621,2025-09-10,76.28
621,2025-09-17,73.55
621,2025-09-24,83.53
621,2025-10-01,80.48
621,2025-10-08,63.65
621,2025-10-15,57.58
621,2025-10-22,53.72
621,2025-10-29,51.92
621,2025-11-05,58.65
621,2025-11-12,55.54
621,2025-11-19,58.31
621,2025-11-26,61.65
621,2025-12-03,69.58
621,2025-12-10,77.8
621,2025-12-17,80.81
621,2025-12-24,79.73
621,2025-12-31,75.62
621,2026-01-07,65.33
621,2026-01-14,63.13
621,2026-01-21,56.08
621,2026-01-28,56.48
621,2026-02-04,55.28
621,2026-02-11,52.34
621,2026-02-18,65.06
621,2026-02-25,71.02
621,2026-03-04,72.15
621,2026-03-11,78.49
621,2026-03-18,77.44
621,2026-03-25,80.87
621,2026-04-01,68.53
621,2026-04-08,64.29
621,2026-04-15,63.92
621,2026-04-22,62.14
621,2026-04-29,51.73
621,2026-05-06,54.45
621,2026-05-13,61.06
621,2026-05-20,68.78
622,2025-05-28,69.13
622,2025-06-04,79.02
622,2025-06-11,84.24
622,2025-06-18,83.81
622,2025-06-25,85.71
622,2025-07-02,88.44
622,2025-07-09,77.23
622,2025-07-16,68.27
622,2025-07-23,55.76
622,2025-07-30,59.11
622,2025-08-06,60.69
622,2025-08-13,55.92
622,2025-08-20,66.07
622,2025-08-27,72.05
622,2025-09-03,75.42
622,2025-09-10,89.02
622,2025-09-17,90.37
622,2025-09-24,79.75
622,2025-10-01,77.89
622,2025-10-08,78.75
622,2025-10-15,74.01
622,2025-10-22,67.19
622,2025-10-29,57.88
622,2025-11-05,65.39
622,2025-11-12,62.22
622,2025-11-19,59.38
622,2025-11-26,70.67
622,2025-12-03,85.92
622,2025-12-10,85.07
622,2025-12-17,100.61
622,2025-12-24,96.23
622,2025-12-31,88.39
622,2026-01-07,82.3
622,2026-01-14,77.93
622,2026-01-21,75.97
622,2026-01-28,64.73
622,2026-02-04,68.15
622,2026-02-11,63.97
622,2026-02-18,73.8
622,2026-02-25,84.9
622,2026-03-04,78.18
622,2026-03-11,89.44
622,2026-03-18,87.71
622,2026-03-25,87.63
622,2026-04-01,84.27
622,2026-04-08,87.15
622,2026-04-15,77.67
622,2026-04-22,69.87
622,2026-04-29,65.83
622,2026-05-06,70.07
622,2026-05-13,66.37
622,2026-05-20,69.89
623,2025-05-28,70.33
623,2025-06-04,81.38
623,2025-06-11,83.47
623,2025-06-18,89.19
623,2025-06-25,86.14
623,2025-07-02,93.27
623,2025-07-09,82.8
623,2025-07-16,85.34
623,2025-07-23,64.82
623,2025-07-30,66.5
623,2025-08-06,67.27
623,2025-08-13,67.3
623,2025-08-20,67.05
623,2025-08-27,78.9
623,2025-09-03,81.97
623,2025-09-10,90.91
623,2025-09-17,97.28
623,2025-09-24,96.3
623,2025-10-01,89.04
623,2025-10-08,88.75
623,2025-10-15,77.87
623,2025-10-22,68.19
623,2025-10-29,63.81
623,2025-11-05,68.45
623,2025-11-12,66.45
623,2025-11-19,75.08
623,2025-11-26,77.57
623,2025-12-03,94.27
623,2025-12-10,89.6
623,2025-12-17,87.75
623,2025-12-24,98.37
623,2025-12-31,87.96
623,2026-01-07,85.67
623,2026-01-14,83.48
623,2026-01-21,74.32
623,2026-01-28,67.1
623,2026-02-04,67.07
623,2026-02-11,64.72
623,2026-02-18,73.76
623,2026-02-25,85.84
623,2026-03-04,84.11
623,2026-03-11,94.22
623,2026-03-18,97.94
623,2026-03-25,101.04
623,2026-04-01,88.35
623,2026-04-08,92.36
623,2026-04-15,78.78
623,2026-04-22,80.42
623,2026-04-29,73.9
623,2026-05-06,74.97
623,2026-05-13,75.32
623,2026-05-20,84.82
624,2025-05-28,47.36
624,2025-06-04,51.23
624,2025-06-11,59.65
624,2025-06-18,65.34
624,2025-06-25,62.46
624,2025-07-02,65.69
624,2025-07-09,54.07
624,2025-07-16,42.14
624,2025-07-23,40.15
624,2025-07-30,34.05
624,2025-08-06,44.75
624,2025-08-13,43.03
624,2025-08-20,42.78
624,2025-08-27,49.97
624,2025-09-03,63.22
624,2025-09-10,53.56
624,2025-09-17,66.72
624,2025-09-24,60.45
624,2025-10-01,56.54
624,2025-10-08,62.61
624,2025-10-15,51.88
624,2025-10-22,38.37
624,2025-10-29,38.06
624,2025-11-05,40.49
624,2025-11-12,40.85
624,2025-11-19,40.6
624,2025-11-26,46.68
624,2025-12-03,63.16
624,2025-12-10,67.72
624,2025-12-17,70.43
624,2025-12-24,57.28
624,2025-12-31,67.09
624,2026-01-07,60.52
624,2026-01-14,50.98
624,2026-01-21,49.09
624,2026-01-28,35.23
624,2026-02-04,38.14
624,2026-02-11,43.31
624,2026-02-18,44.31
624,2026-02-25,54.21
624,2026-03-04,67.59
624,2026-03-11,66.84
624,2026-03-18,67.66
624,2026-03-25,69.77
624,2026-04-01,59.42
624,2026-04-08,65.44
624,2026-04-15,53.8
624,2026-04-22,49.81
624,2026-04-29,41.87
624,2026-05-06,53.05
624,2026-05-13,43.61
624,2026-05-20,52.51
625,2025-05-28,50.87
625,2025-06-04,63.98
625,2025-06-11,55.95
625,2025-06-18,63.97
625,2025-06-25,65.4
625,2025-07-02,57.7
625,2025-07-09,57.65
625,2025-07-16,45.06
625,2025-07-23,38.98
625,2025-07-30,40.31
625,2025-08-06,45.01
625,2025-08-13,52.17
625,2025-08-20,49.92
625,2025-08-27,52.2
625,2025-09-03,68.02
625,2025-09-10,69.09
625,2025-09-17,77.28
625,2025-09-24,77.4
625,2025-10-01,63.59
625,2025-10-08,57.58
625,2025-10-15,52.91
625,2025-10-22,53.54
625,2025-10-29,45.42
625,2025-11-05,53.15
625,2025-11-12,49.23
625,2025-11-19,53.16
625,2025-11-26,60.8
625,2025-12-03,68.47
625,2025-12-10,70.95
625,2025-12-17,81.74
625,2025-12-24,78.8
625,2025-12-31,73.41
625,2026-01-07,63.47
625,2026-01-14,61.16
625,2026-01-21,44.28
625,2026-01-28,45.11
625,2026-02-04,44.77
625,2026-02-11,53.33
625,2026-02-18,51.18
625,2026-02-25,66.72
625,2026-03-04,63.97
625,2026-03-11,70.11
625,2026-03-18,72.99
625,2026-03-25,71.21
625,2026-04-01,75.22
625,2026-04-08,65.61
625,2026-04-15,57.25
625,2026-04-22,58.25
625,2026-04-29,50.86
625,2026-05-06,45.01
625,2026-05-13,57.19
625,2026-05-20,60.02
626,2025-05-28,69.58
626,2025-06-04,70.4
626,2025-06-11,74.25
626,2025-06-18,77.29
626,2025-06-25,80.86
626,2025-07-02,74.87
626,2025-07-09,68.03
626,2025-07-16,66.56
626,2025-07-23,53.99
626,2025-07-30,48.73
626,2025-08-06,50.2
626,2025-08-13,53.49
626,2025-08-20,66.85
626,2025-08-27,63.22
626,2025-09-03,81.11
626,2025-09-10,77.23
626,2025-09-17,77.85
626,2025-09-24,81.17
626,2025-10-01,82.24
626,2025-10-08,79.55
626,2025-10-15,68.04
626,2025-10-22,62.29
626,2025-10-29,56.42
626,2025-11-05,62.8
626,2025-11-12,58.42
626,2025-11-19,60.73
626,2025-11-26,68.8
626,2025-12-03,78.12
626,2025-12-10,86.57
626,2025-12-17,82.9
626,2025-12-24,90.92
626,2025-12-31,82.88
626,2026-01-07,60.93
626,2026-01-14,66.12
626,2026-01-21,67.09
626,2026-01-28,62.37
626,2026-02-04,66.6
626,2026-02-11,65.68
626,2026-02-18,63.62
626,2026-02-25,74.58
626,2026-03-04,78.98
626,2026-03-11,79.99
626,2026-03-18,90.68
626,2026-03-25,90.12
626,2026-04-01,83.36
626,2026-04-08,78.06
626,2026-04-15,64.75
626,2026-04-22,72.11
626,2026-04-29,64.27
626,2026-05-06,57.0
626,2026-05-13,69.86
626,2026-05-20,61.18
627,2025-05-28,57.67
627,2025-06-04,65.75
627,2025-06-11,73.39
627,2025-06-18,67.41
627,2025-06-25,69.87
627,2025-07-02,74.14
627,2025-07-09,57.01
627,2025-07-16,57.54
627,2025-07-23,50.73
627,2025-07-30,50.45
627,2025-08-06,52.52
627,2025-08-13,53.95
627,2025-08-20,55.14
627,2025-08-27,65.19
627,2025-09-03,75.7
627,2025-09-10,76.13
627,2025-09-17,78.47
627,2025-09-24,75.45
627,2025-10-01,72.91
627,2025-10-08,73.4
627,2025-10-15,59.96
627,2025-10-22,51.55
627,2025-10-29,52.56
627,2025-11-05,48.27
627,2025-11-12,55.12
627,2025-11-19,52.09
627,2025-11-26,60.1
627,2025-12-03,68.65
627,2025-12-10,75.54
627,2025-12-17,79.88
627,2025-12-24,83.39
627,2025-12-31,73.4
627,2026-01-07,70.69
627,2026-01-14,70.82
627,2026-01-21,53.61
627,2026-01-28,48.52
627,2026-02-04,54.47
627,2026-02-11,58.39
627,2026-02-18,58.33
627,2026-02-25,65.0
627,2026-03-04,77.07
627,2026-03-11,74.97
627,2026-03-18,81.87
627,2026-03-25,79.26
627,2026-04-01,75.69
627,2026-04-08,68.86
627,2026-04-15,66.18
627,2026-04-22,63.44
627,2026-04-29,59.19
627,2026-05-06,57.44
627,2026-05-13,62.61
627,2026-05-20,67.2
628,2025-05-28,59.23
628,2025-06-04,68.59
628,2025-06-11,75.85
628,2025-06-18,68.82
628,2025-06-25,66.2
628,2025-07-02,65.14
628,2025-07-09,56.76
628,2025-07-16,50.94
628,2025-07-23,45.59
628,2025-07-30,41.74
628,2025-08-06,41.63
628,2025-08-13,47.58
628,2025-08-20,49.58
628,2025-08-27,50.36
628,2025-09-03,57.37
628,2025-09-10,71.74
628,2025-09-17,71.29
628,2025-09-24,69.32
628,2025-10-01,65.36
628,2025-10-08,57.24
628,2025-10-15,52.64
628,2025-10-22,51.49
628,2025-10-29,41.13
628,2025-11-05,42.36
628,2025-11-12,48.15
628,2025-11-19,48.88
628,2025-11-26,57.01
628,2025-12-03,64.65
628,2025-12-10,75.95
628,2025-12-17,70.89
628,2025-12-24,62.77
628,2025-12-31,75.24
628,2026-01-07,62.18
628,2026-01-14,68.97
628,2026-01-21,51.81
628,2026-01-28,52.54
628,2026-02-04,50.58
628,2026-02-11,51.43
628,2026-02-18,54.24
628,2026-02-25,63.87
628,2026-03-04,76.09
628,2026-03-11,69.35
628,2026-03-18,77.97
628,2026-03-25,79.35
628,2026-04-01,69.85
628,2026-04-08,58.97
628,2026-04-15,61.22
628,2026-04-22,55.34
628,2026-04-29,47.18
628,2026-05-06,51.53
628,2026-05-13,56.2
628,2026-05-20,57.5
629,2025-05-28,42.14
629,2025-06-04,41.94
629,2025-06-11,50.0
629,2025-06-18,56.95
629,2025-06-25,59.85
629,2025-07-02,49.71
629,2025-07-09,42.7
629,2025-07-16,32.54
629,2025-07-23,36.81
629,2025-07-30,35.09
629,2025-08-06,28.54
629,2025-08-13,36.01
629,2025-08-20,34.76
629,2025-08-27,39.43
629,2025-09-03,56.59
629,2025-09-10,53.48
629,2025-09-17,61.04
629,2025-09-24,58.2
629,2025-10-01,56.08
629,2025-10-08,51.66
629,2025-10-15,44.65
629,2025-10-22,38.13
629,2025-10-29,29.29
629,2025-11-05,35.75
629,2025-11-12,31.02
629,2025-11-19,35.54
629,2025-11-26,50.59
629,2025-12-03,47.68
629,2025-12-10,61.22
629,2025-12-17,60.27
629,2025-12-24,58.58
629,2025-12-31,52.32
629,2026-01-07,56.09
629,2026-01-14,44.81
629,2026-01-21,32.54
629,2026-01-28,31.91
629,2026-02-04,27.76
629,2026-02-11,36.08
629,2026-02-18,37.36
629,2026-02-25,46.62
629,2026-03-04,46.03
629,2026-03-11,61.17
629,2026-03-18,55.28
629,2026-03-25,56.59
629,2026-04-01,60.57
629,2026-04-08,56.42
629,2026-04-15,38.15
629,2026-04-22,42.21
629,2026-04-29,31.69
629,2026-05-06,34.33
629,2026-05-13,38.89
629,2026-05-20,38.35
630,2025-05-28,51.87
630,2025-06-04,58.72
630,2025-06-11,76.57
630,2025-06-18,73.26
630,2025-06-25,69.52
630,2025-07-02,62.27
630,2025-07-09,56.08
630,2025-07-16,45.94
630,2025-07-23,48.66
630,2025-07-30,45.92
630,2025-08-06,39.34
630,2025-08-13,47.01
630,2025-08-20,55.28
630,2025-08-27,60.41
630,2025-09-03,73.12
630,2025-09-10,71.47
630,2025-09-17,71.8
630,2025-09-24,71.67
630,2025-10-01,69.23
630,2025-10-08,63.04
630,2025-10-15,60.71
630,2025-10-22,50.25
630,2025-10-29,41.71
630,2025-11-05,47.94
630,2025-11-12,43.37
630,2025-11-19,48.62
630,2025-11-26,62.07
630,2025-12-03,66.83
630,2025-12-10,70.99
630,2025-12-17,73.01
630,2025-12-24,78.45
630,2025-12-31,66.51
630,2026-01-07,70.82
630,2026-01-14,53.7
630,2026-01-21,45.52
630,2026-01-28,48.97
630,2026-02-04,42.7
630,2026-02-11,55.01
630,2026-02-18,60.92
630,2026-02-25,56.63
630,2026-03-04,68.67
630,2026-03-11,72.06
630,2026-03-18,72.2
630,2026-03-25,71.94
630,2026-04-01,70.98
630,2026-04-08,58.09
630,2026-04-15,62.08
630,2026-04-22,55.12
630,2026-04-29,48.19
630,2026-05-06,49.25
630,2026-05-13,52.53
630,2026-05-20,61.35
631,2025-05-28,72.89
631,2025-06-04,82.66
631,2025-06-11,89.61
631,2025-06-18,85.18
631,2025-06-25,86.13
631,2025-07-02,85.17
631,2025-07-09,81.03
631,2025-07-16,71.57
631,2025-07-23,75.97
631,2025-07-30,70.96
631,2025-08-06,61.07
631,2025-08-13,66.82
631,2025-08-20,70.71
631,2025-08-27,75.9
631,2025-09-03,79.01
631,2025-09-10,86.38
631,2025-09-17,99.02
631,2025-09-24,91.0
631,2025-10-01,98.53
631,2025-10-08,84.51
631,2025-10-15,73.08
631,2025-10-22,75.51
631,2025-10-29,70.48
631,2025-11-05,64.85
631,2025-11-12,71.01
631,2025-11-19,81.16
631,2025-11-26,78.82
631,2025-12-03,93.02
631,2025-12-10,94.33
631,2025-12-17,93.05
631,2025-12-24,86.21
631,2025-12-31,95.9
631,2026-01-07,88.13
631,2026-01-14,80.49
631,2026-01-21,74.57
631,2026-01-28,71.85
631,2026-02-04,76.32
631,2026-02-11,79.67
631,2026-02-18,90.34
631,2026-02-25,85.42
631,2026-03-04,92.41
631,2026-03-11,100.37
631,2026-03-18,100.71
631,2026-03-25,88.76
631,2026-04-01,99.24
631,2026-04-08,80.89
631,2026-04-15,77.38
631,2026-04-22,76.69
631,2026-04-29,71.77
631,2026-05-06,72.01
631,2026-05-13,73.01
631,2026-05-20,81.18
632,2025-05-28,48.55
632,2025-06-04,62.13
632,2025-06-11,59.46
632,2025-06-18,63.45
632,2025-06-25,67.35
632,2025-07-02,62.17
632,2025-07-09,49.85
632,2025-07-16,48.69
632,2025-07-23,47.68
632,2025-07-30,34.9
632,2025-08-06,38.95
632,2025-08-13,39.0
632,2025-08-20,45.18
632,2025-08-27,51.69
632,2025-09-03,60.75
632,2025-09-10,60.63
632,2025-09-17,68.81
632,2025-09-24,57.09
632,2025-10-01,58.4
632,2025-10-08,64.48
632,2025-10-15,41.62
632,2025-10-22,48.63
632,2025-10-29,46.35
632,2025-11-05,45.44
632,2025-11-12,42.93
632,2025-11-19,40.07
632,2025-11-26,60.3
632,2025-12-03,59.04
632,2025-12-10,65.87
632,2025-12-17,68.33
632,2025-12-24,65.1
632,2025-12-31,64.55
632,2026-01-07,55.93
632,2026-01-14,51.36
632,2026-01-21,46.31
632,2026-01-28,41.17
632,2026-02-04,36.15
632,2026-02-11,32.55
632,2026-02-18,57.49
632,2026-02-25,56.0
632,2026-03-04,62.33
632,2026-03-11,68.32
632,2026-03-18,64.99
632,2026-03-25,74.14
632,2026-04-01,69.73
632,2026-04-08,64.75
632,2026-04-15,48.31
632,2026-04-22,50.48
632,2026-04-29,42.67
632,2026-05-06,44.2
632,2026-05-13,44.12
632,2026-05-20,55.59
633,2025-05-28,43.6
633,2025-06-04,57.95
633,2025-06-11,46.5
633,2025-06-18,56.98
633,2025-06-25,58.64
633,2025-07-02,57.63
633,2025-07-09,51.9
633,2025-07-16,50.26
633,2025-07-23,37.89
633,2025-07-30,31.41
633,2025-08-06,39.13
633,2025-08-13,41.2
633,2025-08-20,41.77
633,2025-08-27,52.31
633,2025-09-03,53.52
633,2025-09-10,67.23
633,2025-09-17,65.02
633,2025-09-24,61.54
633,2025-10-01,55.88
633,2025-10-08,61.01
633,2025-10-15,50.08
633,2025-10-22,36.87
633,2025-10-29,29.91
633,2025-11-05,41.65
633,2025-11-12,41.38
633,2025-11-19,52.27
633,2025-11-26,56.38
633,2025-12-03,64.92
633,2025-12-10,70.4
633,2025-12-17,70.58
633,2025-12-24,66.67
633,2025-12-31,68.63
633,2026-01-07,61.79
633,2026-01-14,56.87
633,2026-01-21,43.86
633,2026-01-28,44.88
633,2026-02-04,41.71
633,2026-02-11,39.69
633,2026-02-18,44.55
633,2026-02-25,55.62
633,2026-03-04,61.45
633,2026-03-11,63.93
633,2026-03-18,62.68
633,2026-03-25,66.74
633,2026-04-01,59.53
633,2026-04-08,57.6
633,2026-04-15,59.32
633,2026-04-22,46.79
633,2026-04-29,41.47
633,2026-05-06,39.29
633,2026-05-13,49.67
633,2026-05-20,47.74
634,2025-05-28,67.23
634,2025-06-04,79.2
634,2025-06-11,81.21
634,2025-06-18,81.77
634,2025-06-25,78.36
634,2025-07-02,72.81
634,2025-07-09,75.68
634,2025-07-16,63.7
634,2025-07-23,62.74
634,2025-07-30,58.58
634,2025-08-06,58.85
634,2025-08-13,55.54
634,2025-08-20,68.48
634,2025-08-27,69.57
634,2025-09-03,74.61
634,2025-09-10,73.28
634,2025-09-17,79.0
634,2025-09-24,84.56
634,2025-10-01,82.76
634,2025-10-08,76.1
634,2025-10-15,73.38
634,2025-10-22,61.24
634,2025-10-29,58.45
634,2025-11-05,56.94
634,2025-11-12,63.82
634,2025-11-19,64.17
634,2025-11-26,65.62
634,2025-12-03,79.67
634,2025-12-10,90.76
634,2025-12-17,87.71
634,2025-12-24,84.16
634,2025-12-31,85.54
634,2026-01-07,88.61
634,2026-01-14,70.16
634,2026-01-21,64.45
634,2026-01-28,62.55
634,2026-02-04,60.24
634,2026-02-11,67.15
634,2026-02-18,80.99
634,2026-02-25,74.88
634,2026-03-04,91.19
634,2026-03-11,83.24
634,2026-03-18,89.91
634,2026-03-25,92.49
634,2026-04-01,83.28
634,2026-04-08,80.73
634,2026-04-15,72.15
634,2026-04-22,61.98
634,2026-04-29,59.68
634,2026-05-06,55.11
634,2026-05-13,63.64
634,2026-05-20,66.51
635,2025-05-28,62.09
635,2025-06-04,71.6
635,2025-06-11,72.91
635,2025-06-18,74.12
635,2025-06-25,76.89
635,2025-07-02,71.81
635,2025-07-09,72.79
635,2025-07-16,67.02
635,2025-07-23,63.77
635,2025-07-30,47.27
635,2025-08-06,43.79
635,2025-08-13,58.59
635,2025-08-20,60.64
635,2025-08-27,60.47
635,2025-09-03,70.98
635,2025-09-10,77.46
635,2025-09-17,85.71
635,2025-09-24,82.51
635,2025-10-01,76.23
635,2025-10-08,68.35
635,2025-10-15,65.72
635,2025-10-22,56.72
635,2025-10-29,58.7
635,2025-11-05,55.13
635,2025-11-12,67.56
635,2025-11-19,60.39
635,2025-11-26,66.61
635,2025-12-03,82.14
635,2025-12-10,83.38
635,2025-12-17,77.95
635,2025-12-24,82.53
635,2025-12-31,76.67
635,2026-01-07,74.17
635,2026-01-14,68.87
635,2026-01-21,73.15
635,2026-01-28,59.43
635,2026-02-04,52.55
635,2026-02-11,55.51
635,2026-02-18,60.24
635,2026-02-25,67.56
635,2026-03-04,78.04
635,2026-03-11,84.08
635,2026-03-18,92.09
635,2026-03-25,88.54
635,2026-04-01,86.83
635,2026-04-08,81.73
635,2026-04-15,63.18
635,2026-04-22,64.58
635,2026-04-29,61.44
635,2026-05-06,62.94
635,2026-05-13,59.21
635,2026-05-20,67.3
636,2025-05-28,79.85
636,2025-06-04,82.79
636,2025-06-11,87.56
636,2025-06-18,88.97
636,2025-06-25,91.57
636,2025-07-02,89.72
636,2025-07-09,85.78
636,2025-07-16,73.66
636,2025-07-23,64.42
636,2025-07-30,61.25
636,2025-08-06,70.8
636,2025-08-13,60.95
636,2025-08-20,66.14
636,2025-08-27,82.55
636,2025-09-03,79.94
636,2025-09-10,86.33
636,2025-09-17,93.01
636,2025-09-24,89.04
636,2025-10-01,94.62
636,2025-10-08,81.75
636,2025-10-15,71.41
636,2025-10-22,70.16
636,2025-10-29,67.55
636,2025-11-05,66.13
636,2025-11-12,73.4
636,2025-11-19,77.95
636,2025-11-26,87.89
636,2025-12-03,82.4
636,2025-12-10,93.72
636,2025-12-17,101.35
636,2025-12-24,96.69
636,2025-12-31,91.76
636,2026-01-07,80.69
636,2026-01-14,84.25
636,2026-01-21,76.5
636,2026-01-28,69.59
636,2026-02-04,61.5
636,2026-02-11,75.39
636,2026-02-18,77.86
636,2026-02-25,80.63
636,2026-03-04,92.48
636,2026-03-11,98.95
636,2026-03-18,104.09
636,2026-03-25,94.72
636,2026-04-01,98.08
636,2026-04-08,85.8
636,2026-04-15,80.84
636,2026-04-22,74.74
636,2026-04-29,69.92
636,2026-05-06,71.93
636,2026-05-13,66.84
636,2026-05-20,75.14
637,2025-05-28,32.43
637,2025-06-04,50.25
637,2025-06-11,59.77
637,2025-06-18,50.14
637,2025-06-25,57.94
637,2025-07-02,53.18
637,2025-07-09,41.49
637,2025-07-16,33.58
637,2025-07-23,36.67
637,2025-07-30,35.38
637,2025-08-06,34.42
637,2025-08-13,35.02
637,2025-08-20,35.47
637,2025-08-27,42.01
637,2025-09-03,48.23
637,2025-09-10,48.69
637,2025-09-17,63.48
637,2025-09-24,56.25
637,2025-10-01,56.37
637,2025-10-08,52.25
637,2025-10-15,43.72
637,2025-10-22,36.19
637,2025-10-29,27.53
637,2025-11-05,38.55
637,2025-11-12,35.42
637,2025-11-19,37.09
637,2025-11-26,50.1
637,2025-12-03,58.03
637,2025-12-10,60.98
637,2025-12-17,61.26
637,2025-12-24,58.16
637,2025-12-31,45.25
637,2026-01-07,49.47
637,2026-01-14,46.16
637,2026-01-21,46.41
637,2026-01-28,27.85
637,2026-02-04,40.73
637,2026-02-11,36.29
637,2026-02-18,46.24
637,2026-02-25,48.39
637,2026-03-04,47.08
637,2026-03-11,59.96
637,2026-03-18,58.64
637,2026-03-25,58.75
637,2026-04-01,59.47
637,2026-04-08,58.48
637,2026-04-15,41.58
637,2026-04-22,41.47
637,2026-04-29,36.16
637,2026-05-06,35.63
637,2026-05-13,40.98
637,2026-05-20,41.38
638,2025-05-28,51.05
638,2025-06-04,55.4
638,2025-06-11,59.93
638,2025-06-18,62.69
638,2025-06-25,56.17
638,2025-07-02,54.89
638,2025-07-09,50.95
638,2025-07-16,46.87
638,2025-07-23,49.92
638,2025-07-30,44.38
638,2025-08-06,37.11
638,2025-08-13,40.77
638,2025-08-20,39.59
638,2025-08-27,44.21
638,2025-09-03,51.57
638,2025-09-10,59.25
638,2025-09-17,71.0
638,2025-09-24,62.08
638,2025-10-01,59.19
638,2025-10-08,55.04
638,2025-10-15,48.07
638,2025-10-22,38.21
638,2025-10-29,44.49
638,2025-11-05,32.96
638,2025-11-12,40.62
638,2025-11-19,37.31
638,2025-11-26,56.42
638,2025-12-03,60.64
638,2025-12-10,69.95
638,2025-12-17,72.28
638,2025-12-24,63.81
638,2025-12-31,66.07
638,2026-01-07,57.22
638,2026-01-14,52.77
638,2026-01-21,49.34
638,2026-01-28,42.56
638,2026-02-04,45.09
638,2026-02-11,41.87
638,2026-02-18,53.47
638,2026-02-25,57.94
638,2026-03-04,55.25
638,2026-03-11,61.77
638,2026-03-18,67.66
638,2026-03-25,63.95
638,2026-04-01,66.47
638,2026-04-08,56.18
638,2026-04-15,47.1
638,2026-04-22,43.9
638,2026-04-29,48.14
638,2026-05-06,39.75
638,2026-05-13,38.08
638,2026-05-20,50.22
639,2025-05-28,48.62
639,2025-06-04,58.66
639,2025-06-11,64.65
639,2025-06-18,66.92
639,2025-06-25,65.11
639,2025-07-02,52.92
639,2025-07-09,55.28
639,2025-07-16,52.82
639,2025-07-23,40.36
639,2025-07-30,38.49
639,2025-08-06,32.75
639,2025-08-13,45.93
639,2025-08-20,46.37
639,2025-08-27,57.49
639,2025-09-03,57.15
639,2025-09-10,60.54
639,2025-09-17,69.32
639,2025-09-24,66.93
639,2025-10-01,55.01
639,2025-10-08,53.86
639,2025-10-15,52.41
639,2025-10-22,46.29
639,2025-10-29,35.85
639,2025-11-05,42.86
639,2025-11-12,49.79
639,2025-11-19,45.34
639,2025-11-26,56.73
639,2025-12-03,68.14
639,2025-12-10,70.11
639,2025-12-17,66.18
639,2025-12-24,66.68
639,2025-12-31,64.35
639,2026-01-07,60.02
639,2026-01-14,53.74
639,2026-01-21,37.99
639,2026-01-28,44.58
639,2026-02-04,45.61
639,2026-02-11,41.6
639,2026-02-18,53.42
639,2026-02-25,47.47
639,2026-03-04,67.8
639,2026-03-11,69.97
639,2026-03-18,64.96
639,2026-03-25,67.63
639,2026-04-01,65.74
639,2026-04-08,60.48
639,2026-04-15,50.9
639,2026-04-22,46.72
639,2026-04-29,51.33
639,2026-05-06,40.47
639,2026-05-13,48.97
639,2026-05-20,52.95
640,2025-05-28,64.26
640,2025-06-04,73.01
640,2025-06-11,74.06
640,2025-06-18,77.74
640,2025-06-25,75.91
640,2025-07-02,68.02
640,2025-07-09,69.94
640,2025-07-16,54.13
640,2025-07-23,53.29
640,2025-07-30,51.67
640,2025-08-06,52.17
640,2025-08-13,49.0
640,2025-08-20,58.73
640,2025-08-27,60.58
640,2025-09-03,67.82
640,2025-09-10,75.18
640,2025-09-17,77.33
640,2025-09-24,78.35
640,2025-10-01,74.44
640,2025-10-08,69.91
640,2025-10-15,54.1
640,2025-10-22,55.58
640,2025-10-29,54.25
640,2025-11-05,50.25
640,2025-11-12,51.58
640,2025-11-19,63.44
640,2025-11-26,68.59
640,2025-12-03,70.16
640,2025-12-10,74.57
640,2025-12-17,86.85
640,2025-12-24,89.59
640,2025-12-31,83.14
640,2026-01-07,57.37
640,2026-01-14,62.63
640,2026-01-21,58.53
640,2026-01-28,55.68
640,2026-02-04,47.56
640,2026-02-11,61.96
640,2026-02-18,64.41
640,2026-02-25,70.8
640,2026-03-04,82.92
640,2026-03-11,82.5
640,2026-03-18,85.45
640,2026-03-25,79.47
640,2026-04-01,80.08
640,2026-04-08,71.56
640,2026-04-15,67.01
640,2026-04-22,53.63
640,2026-04-29,63.93
640,2026-05-06,57.29
640,2026-05-13,57.0
640,2026-05-20,61.84
641,2025-05-28,69.32
641,2025-06-04,74.65
641,2025-06-11,83.93
641,2025-06-18,87.08
641,2025-06-25,89.92
641,2025-07-02,79.7
641,2025-07-09,79.54
641,2025-07-16,71.97
641,2025-07-23,59.89
641,2025-07-30,58.42
641,2025-08-06,65.92
641,2025-08-13,58.72
641,2025-08-20,64.26
641,2025-08-27,72.1
641,2025-09-03,76.6
641,2025-09-10,93.35
641,2025-09-17,86.38
641,2025-09-24,86.72
641,2025-10-01,92.36
641,2025-10-08,79.33
641,2025-10-15,75.09
641,2025-10-22,66.7
641,2025-10-29,65.37
641,2025-11-05,63.31
641,2025-11-12,61.22
641,2025-11-19,60.41
641,2025-11-26,71.17
641,2025-12-03,77.61
641,2025-12-10,83.76
641,2025-12-17,91.34
641,2025-12-24,88.02
641,2025-12-31,88.2
641,2026-01-07,80.43
641,2026-01-14,65.87
641,2026-01-21,76.12
641,2026-01-28,68.62
641,2026-02-04,63.99
641,2026-02-11,60.63
641,2026-02-18,77.56
641,2026-02-25,82.1
641,2026-03-04,84.01
641,2026-03-11,88.01
641,2026-03-18,90.13
641,2026-03-25,97.35
641,2026-04-01,88.61
641,2026-04-08,77.65
641,2026-04-15,78.05
641,2026-04-22,69.33
641,2026-04-29,69.03
641,2026-05-06,63.86
641,2026-05-13,66.64
641,2026-05-20,75.61
642,2025-05-28,51.45
642,2025-06-04,59.8
642,2025-06-11,68.51
642,2025-06-18,70.55
642,2025-06-25,68.74
642,2025-07-02,60.35
642,2025-07-09,54.23
642,2025-07-16,55.37
642,2025-07-23,40.87
642,2025-07-30,41.31
642,2025-08-06,40.45
642,2025-08-13,41.5
642,2025-08-20,47.13
642,2025-08-27,54.77
642,2025-09-03,60.51
642,2025-09-10,71.63
642,2025-09-17,67.16
642,2025-09-24,67.47
642,2025-10-01,65.61
642,2025-10-08,62.23
642,2025-10-15,51.7
642,2025-10-22,47.66
642,2025-10-29,45.54
642,2025-11-05,49.48
642,2025-11-12,35.11
642,2025-11-19,55.92
642,2025-11-26,54.16
642,2025-12-03,62.78
642,2025-12-10,68.66
642,2025-12-17,69.68
642,2025-12-24,68.15
642,2025-12-31,61.83
642,2026-01-07,60.21
642,2026-01-14,47.81
642,2026-01-21,54.08
642,2026-01-28,49.92
642,2026-02-04,44.7
642,2026-02-11,49.82
642,2026-02-18,49.93
642,2026-02-25,61.23
642,2026-03-04,61.99
642,2026-03-11,75.06
642,2026-03-18,72.22
642,2026-03-25,68.62
642,2026-04-01,71.78
642,2026-04-08,61.05
642,2026-04-15,57.0
642,2026-04-22,50.98
642,2026-04-29,49.0
642,2026-05-06,50.16
642,2026-05-13,44.31
642,2026-05-20,52.24
643,2025-05-28,56.62
643,2025-06-04,70.42
643,2025-06-11,67.31
643,2025-06-18,73.49
643,2025-06-25,74.47
643,2025-07-02,65.83
643,2025-07-09,64.29
643,2025-07-16,49.94
643,2025-07-23,58.88
643,2025-07-30,41.81
643,2025-08-06,44.15
643,2025-08-13,39.44
643,2025-08-20,59.32
643,2025-08-27,60.12
643,2025-09-03,63.31
643,2025-09-10,69.1
643,2025-09-17,79.63
643,2025-09-24,67.55
643,2025-10-01,78.99
643,2025-10-08,68.34
643,2025-10-15,58.54
643,2025-10-22,52.58
643,2025-10-29,38.16
643,2025-11-05,44.07
643,2025-11-12,53.56
643,2025-11-19,58.29
643,2025-11-26,67.18
643,2025-12-03,70.35
643,2025-12-10,69.72
643,2025-12-17,74.08
643,2025-12-24,75.59
643,2025-12-31,68.82
643,2026-01-07,64.57
643,2026-01-14,61.85
643,2026-01-21,56.02
643,2026-01-28,53.37
643,2026-02-04,43.1
643,2026-02-11,50.5
643,2026-02-18,55.66
643,2026-02-25,68.5
643,2026-03-04,69.78
643,2026-03-11,85.3
643,2026-03-18,80.03
643,2026-03-25,79.4
643,2026-04-01,73.93
643,2026-04-08,67.69
643,2026-04-15,67.66
643,2026-04-22,53.22
643,2026-04-29,55.91
643,2026-05-06,52.69
643,2026-05-13,60.55
643,2026-05-20,66.57
644,2025-05-28,73.91
644,2025-06-04,80.67
644,2025-06-11,82.18
644,2025-06-18,95.22
644,2025-06-25,88.77
644,2025-07-02,89.39
644,2025-07-09,81.19
644,2025-07-16,75.36
644,2025-07-23,62.56
644,2025-07-30,65.82
644,2025-08-06,64.33
644,2025-08-13,64.44
644,2025-08-20,77.8
644,2025-08-27,77.1
644,2025-09-03,87.38
644,2025-09-10,91.68
644,2025-09-17,89.99
644,2025-09-24,93.79
644,2025-10-01,80.34
644,2025-10-08,78.8
644,2025-10-15,83.42
644,2025-10-22,74.99
644,2025-10-29,59.88
644,2025-11-05,66.08
644,2025-11-12,70.02
644,2025-11-19,71.81
644,2025-11-26,76.81
644,2025-12-03,88.04
644,2025-12-10,91.35
644,2025-12-17,94.32
644,2025-12-24,91.48
644,2025-12-31,87.54
644,2026-01-07,83.21
644,2026-01-14,74.24
644,2026-01-21,68.69
644,2026-01-28,69.07
644,2026-02-04,62.91
644,2026-02-11,66.43
644,2026-02-18,76.94
644,2026-02-25,84.1
644,2026-03-04,82.16
644,2026-03-11,98.72
644,2026-03-18,95.3
644,2026-03-25,96.35
644,2026-04-01,87.43
644,2026-04-08,97.91
644,2026-04-15,81.44
644,2026-04-22,78.83
644,2026-04-29,70.84
644,2026-05-06,66.8
644,2026-05-13,72.24
644,2026-05-20,86.83
645,2025-05-28,60.98
645,2025-06-04,66.7
645,2025-06-11,74.72
645,2025-06-18,76.37
645,2025-06-25,74.55
645,2025-07-02,73.31
645,2025-07-09,73.85
645,2025-07-16,64.24
645,2025-07-23,55.0
645,2025-07-30,57.25
645,2025-08-06,50.31
645,2025-08-13,56.57
645,2025-08-20,58.26
645,2025-08-27,59.55
645,2025-09-03,77.76
645,2025-09-10,73.45
645,2025-09-17,77.51
645,2025-09-24,75.67
645,2025-10-01,78.75
645,2025-10-08,76.23
645,2025-10-15,63.39
645,2025-10-22,60.05
645,2025-10-29,52.71
645,2025-11-05,52.97
645,2025-11-12,66.64
645,2025-11-19,59.81
645,2025-11-26,61.16
645,2025-12-03,69.87
645,2025-12-10,83.15
645,2025-12-17,76.05
645,2025-12-24,77.88
645,2025-12-31,79.93
645,2026-01-07,68.43
645,2026-01-14,59.78
645,2026-01-21,62.49
645,2026-01-28,60.91
645,2026-02-04,56.26
645,2026-02-11,56.88
645,2026-02-18,62.55
645,2026-02-25,77.67
645,2026-03-04,81.06
645,2026-03-11,83.34
645,2026-03-18,79.65
645,2026-03-25,84.46
645,2026-04-01,89.12
645,2026-04-08,71.33
645,2026-04-15,68.5
645,2026-04-22,68.43
645,2026-04-29,55.94
645,2026-05-06,59.93
645,2026-05-13,55.99
645,2026-05-20,64.74
646,2025-05-28,42.32
646,2025-06-04,57.33
646,2025-06-11,68.74
646,2025-06-18,70.03
646,2025-06-25,61.52
646,2025-07-02,69.25
646,2025-07-09,52.37
646,2025-07-16,46.63
646,2025-07-23,44.31
646,2025-07-30,44.46
646,2025-08-06,41.57
646,2025-08-13,40.03
646,2025-08-20,44.25
646,2025-08-27,52.61
646,2025-09-03,60.24
646,2025-09-10,64.06
646,2025-09-17,66.01
646,2025-09-24,62.42
646,2025-10-01,58.88
646,2025-10-08,58.61
646,2025-10-15,56.52
646,2025-10-22,46.97
646,2025-10-29,44.04
646,2025-11-05,42.91
646,2025-11-12,49.36
646,2025-11-19,52.41
646,2025-11-26,51.0
646,2025-12-03,62.98
646,2025-12-10,65.17
646,2025-12-17,77.17
646,2025-12-24,71.1
646,2025-12-31,68.6
646,2026-01-07,60.69
646,2026-01-14,54.24
646,2026-01-21,42.08
646,2026-01-28,40.88
646,2026-02-04,46.39
646,2026-02-11,53.32
646,2026-02-18,60.58
646,2026-02-25,66.97
646,2026-03-04,71.23
646,2026-03-11,74.48
646,2026-03-18,69.01
646,2026-03-25,78.47
646,2026-04-01,65.3
646,2026-04-08,58.01
646,2026-04-15,58.37
646,2026-04-22,53.67
646,2026-04-29,49.59
646,2026-05-06,50.76
646,2026-05-13,49.22
646,2026-05-20,53.89
647,2025-05-28,64.12
647,2025-06-04,68.12
647,2025-06-11,79.23
647,2025-06-18,89.44
647,2025-06-25,81.24
647,2025-07-02,79.36
647,2025-07-09,61.45
647,2025-07-16,74.58
647,2025-07-23,59.45
647,2025-07-30,63.9
647,2025-08-06,56.29
647,2025-08-13,59.58
647,2025-08-20,66.13
647,2025-08-27,69.67
647,2025-09-03,71.99
647,2025-09-10,85.69
647,2025-09-17,88.54
647,2025-09-24,87.14
647,2025-10-01,74.95
647,2025-10-08,76.89
647,2025-10-15,71.5
647,2025-10-22,64.99
647,2025-10-29,58.5
647,2025-11-05,59.05
647,2025-11-12,66.61
647,2025-11-19,68.58
647,2025-11-26,72.51
647,2025-12-03,78.25
647,2025-12-10,78.14
647,2025-12-17,86.9
647,2025-12-24,87.35
647,2025-12-31,82.56
647,2026-01-07,74.94
647,2026-01-14,71.81
647,2026-01-21,62.51
647,2026-01-28,64.57
647,2026-02-04,66.86
647,2026-02-11,62.98
647,2026-02-18,68.65
647,2026-02-25,69.96
647,2026-03-04,75.82
647,2026-03-11,90.44
647,2026-03-18,89.76
647,2026-03-25,87.04
647,2026-04-01,85.52
647,2026-04-08,83.23
647,2026-04-15,69.9
647,2026-04-22,60.08
647,2026-04-29,67.0
647,2026-05-06,66.2
647,2026-05-13,68.94
647,2026-05-20,70.16
648,2025-05-28,60.43
648,2025-06-04,78.73
648,2025-06-11,73.44
648,2025-06-18,87.12
648,2025-06-25,79.92
648,2025-07-02,72.6
648,2025-07-09,71.86
648,2025-07-16,68.9
648,2025-07-23,64.09
648,2025-07-30,53.16
648,2025-08-06,52.52
648,2025-08-13,60.32
648,2025-08-20,66.56
648,2025-08-27,72.21
648,2025-09-03,66.2
648,2025-09-10,80.84
648,2025-09-17,80.14
648,2025-09-24,83.07
648,2025-10-01,79.33
648,2025-10-08,72.87
648,2025-10-15,69.23
648,2025-10-22,60.31
648,2025-10-29,51.05
648,2025-11-05,60.92
648,2025-11-12,55.61
648,2025-11-19,60.0
648,2025-11-26,78.05
648,2025-12-03,75.57
648,2025-12-10,83.19
648,2025-12-17,84.84
648,2025-12-24,82.34
648,2025-12-31,83.98
648,2026-01-07,74.22
648,2026-01-14,64.26
648,2026-01-21,64.18
648,2026-01-28,65.03
648,2026-02-04,48.6
648,2026-02-11,59.58
648,2026-02-18,69.79
648,2026-02-25,69.11
648,2026-03-04,79.42
648,2026-03-11,81.73
648,2026-03-18,93.5
648,2026-03-25,89.71
648,2026-04-01,82.26
648,2026-04-08,77.39
648,2026-04-15,75.68
648,2026-04-22,61.85
648,2026-04-29,61.71
648,2026-05-06,66.87
648,2026-05-13,69.28
648,2026-05-20,69.09
649,2025-05-28,65.23
649,2025-06-04,69.82
649,2025-06-11,77.18
649,2025-06-18,77.0
649,2025-06-25,73.46
649,2025-07-02,71.37
649,2025-07-09,71.49
649,2025-07-16,63.45
649,2025-07-23,52.44
649,2025-07-30,59.79
649,2025-08-06,52.03
649,2025-08-13,50.66
649,2025-08-20,64.73
649,2025-08-27,71.18
649,2025-09-03,69.93
649,2025-09-10,77.62
649,2025-09-17,84.06
649,2025-09-24,79.96
649,2025-10-01,79.46
649,2025-10-08,71.95
649,2025-10-15,67.8
649,2025-10-22,60.25
649,2025-10-29,55.44
649,2025-11-05,52.15
649,2025-11-12,55.52
649,2025-11-19,64.28
649,2025-11-26,69.35
649,2025-12-03,81.36
649,2025-12-10,85.98
649,2025-12-17,89.09
649,2025-12-24,80.19
649,2025-12-31,76.3
649,2026-01-07,78.29
649,2026-01-14,74.27
649,2026-01-21,61.73
649,2026-01-28,57.9
649,2026-02-04,62.91
649,2026-02-11,56.64
649,2026-02-18,61.93
649,2026-02-25,69.56
649,2026-03-04,75.57
649,2026-03-11,76.37
649,2026-03-18,83.74
649,2026-03-25,85.61
649,2026-04-01,83.73
649,2026-04-08,78.51
649,2026-04-15,66.42
649,2026-04-22,64.58
649,2026-04-29,62.94
649,2026-05-06,65.1
649,2026-05-13,56.44
649,2026-05-20,63.33
650,2025-05-28,47.37
650,2025-06-04,61.35
650,2025-06-11,68.33
650,2025-06-18,78.01
650,2025-06-25,71.63
650,2025-07-02,61.38
650,2025-07-09,64.52
650,2025-07-16,40.57
650,2025-07-23,39.52
650,2025-07-30,40.36
650,2025-08-06,37.94
650,2025-08-13,40.46
650,2025-08-20,49.64
650,2025-08-27,55.06
650,2025-09-03,65.86
650,2025-09-10,72.79
650,2025-09-17,73.01
650,2025-09-24,65.6
650,2025-10-01,69.68
650,2025-10-08,66.83
650,2025-10-15,56.07
650,2025-10-22,47.88
650,2025-10-29,43.72
650,2025-11-05,45.38
650,2025-11-12,38.29
650,2025-11-19,44.13
650,2025-11-26,54.84
650,2025-12-03,63.99
650,2025-12-10,73.54
650,2025-12-17,72.85
650,2025-12-24,71.1
650,2025-12-31,67.77
650,2026-01-07,59.56
650,2026-01-14,54.49
650,2026-01-21,49.3
650,2026-01-28,49.79
650,2026-02-04,40.79
650,2026-02-11,45.08
650,2026-02-18,52.22
650,2026-02-25,50.09
650,2026-03-04,66.01
650,2026-03-11,72.96
650,2026-03-18,73.94
650,2026-03-25,75.94
650,2026-04-01,66.86
650,2026-04-08,64.96
650,2026-04-15,58.25
650,2026-04-22,50.19
650,2026-04-29,46.39
650,2026-05-06,46.25
650,2026-05-13,46.83
650,2026-05-20,55.87
651,2025-05-28,93.47
651,2025-06-04,97.52
651,2025-06-11,98.12
651,2025-06-18,101.21
651,2025-06-25,101.78
651,2025-07-02,98.58
651,2025-07-09,95.66
651,2025-07-16,94.06
651,2025-07-23,89.08
651,2025-07-30,89.93
651,2025-08-06,89.51
651,2025-08-13,89.43
651,2025-08-20,92.8
651,2025-08-27,97.15
651,2025-09-03,100.4
651,2025-09-10,97.3
651,2025-09-17,104.8
651,2025-09-24,101.42
651,2025-10-01,100.14
651,2025-10-08,98.65
651,2025-10-15,94.59
651,2025-10-22,95.31
651,2025-10-29,93.59
651,2025-11-05,91.72
651,2025-11-12,91.97
651,2025-11-19,96.68
651,2025-11-26,101.28
651,2025-12-03,102.6
651,2025-12-10,105.77
651,2025-12-17,105.12
651,2025-12-24,104.83
651,2025-12-31,105.13
651,2026-01-07,106.23
651,2026-01-14,97.79
651,2026-01-21,100.71
651,2026-01-28,94.04
651,2026-02-04,95.46
651,2026-02-11,97.47
651,2026-02-18,102.52
651,2026-02-25,102.48
651,2026-03-04,103.78
651,2026-03-11,108.02
651,2026-03-18,106.76
651,2026-03-25,111.27
651,2026-04-01,107.6
651,2026-04-08,104.8
651,2026-04-15,102.2
651,2026-04-22,100.68
651,2026-04-29,99.33
651,2026-05-06,96.41
651,2026-05-13,99.4
651,2026-05-20,103.55
652,2025-05-28,70.28
652,2025-06-04,72.9
652,2025-06-11,73.97
652,2025-06-18,78.09
652,2025-06-25,73.14
652,2025-07-02,73.55
652,2025-07-09,72.77
652,2025-07-16,71.33
652,2025-07-23,68.48
652,2025-07-30,66.33
652,2025-08-06,69.09
652,2025-08-13,66.78
652,2025-08-20,70.98
652,2025-08-27,73.96
652,2025-09-03,75.85
652,2025-09-10,78.21
652,2025-09-17,79.95
652,2025-09-24,78.59
652,2025-10-01,78.41
652,2025-10-08,79.86
652,2025-10-15,73.57
652,2025-10-22,69.72
652,2025-10-29,69.59
652,2025-11-05,70.03
652,2025-11-12,70.86
652,2025-11-19,71.96
652,2025-11-26,75.15
652,2025-12-03,83.92
652,2025-12-10,78.8
652,2025-12-17,83.64
652,2025-12-24,83.52
652,2025-12-31,82.97
652,2026-01-07,78.74
652,2026-01-14,78.96
652,2026-01-21,76.98
652,2026-01-28,74.37
652,2026-02-04,72.16
652,2026-02-11,72.85
652,2026-02-18,74.63
652,2026-02-25,79.39
652,2026-03-04,84.63
652,2026-03-11,87.23
652,2026-03-18,84.73
652,2026-03-25,86.51
652,2026-04-01,85.54
652,2026-04-08,80.48
652,2026-04-15,82.79
652,2026-04-22,76.54
652,2026-04-29,77.25
652,2026-05-06,74.05
652,2026-05-13,76.71
652,2026-05-20,84.23
653,2025-05-28,86.61
653,2025-06-04,92.3
653,2025-06-11,95.05
653,2025-06-18,93.57
653,2025-06-25,91.96
653,2025-07-02,93.2
653,2025-07-09,93.17
653,2025-07-16,87.79
653,2025-07-23,84.84
653,2025-07-30,87.26
653,2025-08-06,83.45
653,2025-08-13,81.79
653,2025-08-20,89.72
653,2025-08-27,91.11
653,2025-09-03,95.5
653,2025-09-10,96.82
653,2025-09-17,97.72
653,2025-09-24,99.22
653,2025-10-01,97.82
653,2025-10-08,94.64
653,2025-10-15,92.65
653,2025-10-22,90.67
653,2025-10-29,89.15
653,2025-11-05,89.26
653,2025-11-12,90.96
653,2025-11-19,96.36
653,2025-11-26,96.99
653,2025-12-03,98.44
653,2025-12-10,98.86
653,2025-12-17,98.05
653,2025-12-24,99.9
653,2025-12-31,100.68
653,2026-01-07,98.05
653,2026-01-14,95.08
653,2026-01-21,93.3
653,2026-01-28,92.13
653,2026-02-04,92.78
653,2026-02-11,89.72
653,2026-02-18,93.74
653,2026-02-25,98.19
653,2026-03-04,99.12
653,2026-03-11,102.58
653,2026-03-18,105.57
653,2026-03-25,102.98
653,2026-04-01,102.5
653,2026-04-08,99.42
653,2026-04-15,96.8
653,2026-04-22,95.81
653,2026-04-29,91.52
653,2026-05-06,93.36
653,2026-05-13,95.1
653,2026-05-20,101.58
654,2025-05-28,113.15
654,2025-06-04,116.5
654,2025-06-11,120.12
654,2025-06-18,118.3
654,2025-06-25,120.07
654,2025-07-02,119.39
654,2025-07-09,115.67
654,2025-07-16,113.61
654,2025-07-23,109.28
654,2025-07-30,105.15
654,2025-08-06,109.11
654,2025-08-13,109.06
654,2025-08-20,116.74
654,2025-08-27,119.37
654,2025-09-03,116.83
654,2025-09-10,120.09
654,2025-09-17,121.4
654,2025-09-24,123.03
654,2025-10-01,120.05
654,2025-10-08,115.89
654,2025-10-15,116.85
654,2025-10-22,113.41
654,2025-10-29,107.52
654,2025-11-05,113.63
654,2025-11-12,112.44
654,2025-11-19,115.55
654,2025-11-26,122.89
654,2025-12-03,122.46
654,2025-12-10,124.72
654,2025-12-17,121.14
654,2025-12-24,126.33
654,2025-12-31,123.54
654,2026-01-07,123.93
654,2026-01-14,118.67
654,2026-01-21,114.2
654,2026-01-28,115.29
654,2026-02-04,114.24
654,2026-02-11,120.26
654,2026-02-18,121.95
654,2026-02-25,121.45
654,2026-03-04,127.73
654,2026-03-11,127.36
654,2026-03-18,129.62
654,2026-03-25,125.87
654,2026-04-01,128.7
654,2026-04-08,124.19
654,2026-04-15,123.9
654,2026-04-22,121.38
654,2026-04-29,121.29
654,2026-05-06,119.24
654,2026-05-13,120.14
654,2026-05-20,122.51
655,2025-05-28,85.4
655,2025-06-04,88.61
655,2025-06-11,88.66
655,2025-06-18,92.51
655,2025-06-25,93.06
655,2025-07-02,90.37
655,2025-07-09,92.28
655,2025-07-16,88.39
655,2025-07-23,82.34
655,2025-07-30,78.9
655,2025-08-06,84.64
655,2025-08-13,83.86
655,2025-08-20,84.09
655,2025-08-27,89.71
655,2025-09-03,92.0
655,2025-09-10,94.96
655,2025-09-17,95.37
655,2025-09-24,94.61
655,2025-10-01,94.39
655,2025-10-08,90.65
655,2025-10-15,89.67
655,2025-10-22,87.77
655,2025-10-29,85.34
655,2025-11-05,87.39
655,2025-11-12,85.2
655,2025-11-19,90.55
655,2025-11-26,93.62
655,2025-12-03,99.53
655,2025-12-10,98.16
655,2025-12-17,97.66
655,2025-12-24,98.42
655,2025-12-31,98.43
655,2026-01-07,95.22
655,2026-01-14,89.33
655,2026-01-21,90.59
655,2026-01-28,87.61
655,2026-02-04,90.61
655,2026-02-11,88.54
655,2026-02-18,93.98
655,2026-02-25,97.27
655,2026-03-04,101.3
655,2026-03-11,101.35
655,2026-03-18,100.63
655,2026-03-25,106.28
655,2026-04-01,99.83
655,2026-04-08,98.06
655,2026-04-15,98.95
655,2026-04-22,94.2
655,2026-04-29,92.55
655,2026-05-06,93.72
655,2026-05-13,91.61
655,2026-05-20,96.83
656,2025-05-28,81.13
656,2025-06-04,87.71
656,2025-06-11,89.14
656,2025-06-18,93.44
656,2025-06-25,88.13
656,2025-07-02,89.81
656,2025-07-09,87.92
656,2025-07-16,87.93
656,2025-07-23,83.36
656,2025-07-30,82.37
656,2025-08-06,79.39
656,2025-08-13,80.31
656,2025-08-20,86.58
656,2025-08-27,89.6
656,2025-09-03,90.5
656,2025-09-10,94.26
656,2025-09-17,96.59
656,2025-09-24,92.9
656,2025-10-01,95.97
656,2025-10-08,91.2
656,2025-10-15,83.26
656,2025-10-22,85.95
656,2025-10-29,82.98
656,2025-11-05,83.27
656,2025-11-12,83.62
656,2025-11-19,88.17
656,2025-11-26,90.84
656,2025-12-03,96.75
656,2025-12-10,99.69
656,2025-12-17,97.14
656,2025-12-24,95.54
656,2025-12-31,98.29
656,2026-01-07,95.3
656,2026-01-14,91.44
656,2026-01-21,88.11
656,2026-01-28,87.12
656,2026-02-04,84.83
656,2026-02-11,89.46
656,2026-02-18,90.81
656,2026-02-25,94.69
656,2026-03-04,95.62
656,2026-03-11,101.62
656,2026-03-18,101.48
656,2026-03-25,100.68
656,2026-04-01,98.79
656,2026-04-08,99.64
656,2026-04-15,95.58
656,2026-04-22,92.79
656,2026-04-29,88.74
656,2026-05-06,88.56
656,2026-05-13,91.15
656,2026-05-20,93.8
657,2025-05-28,109.62
657,2025-06-04,115.79
657,2025-06-11,113.99
657,2025-06-18,118.39
657,2025-06-25,116.01
657,2025-07-02,116.03
657,2025-07-09,113.88
657,2025-07-16,111.42
657,2025-07-23,108.35
657,2025-07-30,104.81
657,2025-08-06,107.48
657,2025-08-13,107.29
657,2025-08-20,110.63
657,2025-08-27,115.33
657,2025-09-03,117.85
657,2025-09-10,115.89
657,2025-09-17,117.38
657,2025-09-24,118.86
657,2025-10-01,121.8
657,2025-10-08,115.16
657,2025-10-15,112.9
657,2025-10-22,108.54
657,2025-10-29,110.49
657,2025-11-05,108.02
657,2025-11-12,111.83
657,2025-11-19,113.0
657,2025-11-26,116.72
657,2025-12-03,119.78
657,2025-12-10,120.34
657,2025-12-17,125.45
657,2025-12-24,124.35
657,2025-12-31,123.21
657,2026-01-07,121.61
657,2026-01-14,116.64
657,2026-01-21,115.6
657,2026-01-28,112.93
657,2026-02-04,112.04
657,2026-02-11,117.11
657,2026-02-18,117.4
657,2026-02-25,120.38
657,2026-03-04,121.84
657,2026-03-11,122.6
657,2026-03-18,126.01
657,2026-03-25,127.51
657,2026-04-01,126.85
657,2026-04-08,122.46
657,2026-04-15,120.13
657,2026-04-22,116.89
657,2026-04-29,118.44
657,2026-05-06,116.53
657,2026-05-13,116.48
657,2026-05-20,120.45
658,2025-05-28,93.9
658,2025-06-04,96.2
658,2025-06-11,98.81
658,2025-06-18,100.41
658,2025-06-25,100.82
658,2025-07-02,99.21
658,2025-07-09,94.47
658,2025-07-16,92.34
658,2025-07-23,92.3
658,2025-07-30,92.65
658,2025-08-06,90.99
658,2025-08-13,91.45
658,2025-08-20,93.63
658,2025-08-27,95.25
658,2025-09-03,98.27
658,2025-09-10,101.34
658,2025-09-17,105.33
658,2025-09-24,100.84
658,2025-10-01,100.31
658,2025-10-08,98.25
658,2025-10-15,100.05
658,2025-10-22,96.11
658,2025-10-29,93.53
658,2025-11-05,91.05
658,2025-11-12,93.53
658,2025-11-19,92.38
658,2025-11-26,101.38
658,2025-12-03,105.65
658,2025-12-10,108.28
658,2025-12-17,106.74
658,2025-12-24,110.16
658,2025-12-31,103.33
658,2026-01-07,104.1
658,2026-01-14,98.63
658,2026-01-21,97.61
658,2026-01-28,95.5
658,2026-02-04,96.1
658,2026-02-11,97.01
658,2026-02-18,102.74
658,2026-02-25,98.83
658,2026-03-04,104.32
658,2026-03-11,109.64
658,2026-03-18,107.36
658,2026-03-25,111.49
658,2026-04-01,107.64
658,2026-04-08,107.99
658,2026-04-15,101.43
658,2026-04-22,100.96
658,2026-04-29,98.89
658,2026-05-06,100.88
658,2026-05-13,100.89
658,2026-05-20,102.68
659,2025-05-28,105.48
659,2025-06-04,106.66
659,2025-06-11,112.52
659,2025-06-18,115.33
659,2025-06-25,115.31
659,2025-07-02,111.86
659,2025-07-09,112.12
659,2025-07-16,104.13
659,2025-07-23,106.21
659,2025-07-30,99.42
659,2025-08-06,103.16
659,2025-08-13,104.83
659,2025-08-20,105.79
659,2025-08-27,107.67
659,2025-09-03,111.36
659,2025-09-10,116.82
659,2025-09-17,116.36
659,2025-09-24,115.86
659,2025-10-01,113.1
659,2025-10-08,114.7
659,2025-10-15,113.3
659,2025-10-22,107.66
659,2025-10-29,107.55
659,2025-11-05,105.92
659,2025-11-12,107.08
659,2025-11-19,111.18
659,2025-11-26,114.38
659,2025-12-03,119.65
659,2025-12-10,117.67
659,2025-12-17,120.76
659,2025-12-24,118.03
659,2025-12-31,119.5
659,2026-01-07,116.53
659,2026-01-14,110.57
659,2026-01-21,108.81
659,2026-01-28,108.27
659,2026-02-04,111.21
659,2026-02-11,107.03
659,2026-02-18,111.87
659,2026-02-25,118.66
659,2026-03-04,124.67
659,2026-03-11,120.35
659,2026-03-18,122.25
659,2026-03-25,123.1
659,2026-04-01,120.91
659,2026-04-08,119.75
659,2026-04-15,115.57
659,2026-04-22,114.67
659,2026-04-29,113.61
659,2026-05-06,112.95
659,2026-05-13,114.11
659,2026-05-20,113.39
660,2025-05-28,99.52
660,2025-06-04,104.62
660,2025-06-11,103.49
660,2025-06-18,104.81
660,2025-06-25,105.68
660,2025-07-02,103.61
660,2025-07-09,101.15
660,2025-07-16,100.64
660,2025-07-23,97.68
660,2025-07-30,98.9
660,2025-08-06,94.52
660,2025-08-13,97.97
660,2025-08-20,101.26
660,2025-08-27,101.39
660,2025-09-03,109.56
660,2025-09-10,109.26
660,2025-09-17,113.89
660,2025-09-24,109.87
660,2025-10-01,110.15
660,2025-10-08,107.75
660,2025-10-15,104.97
660,2025-10-22,99.95
660,2025-10-29,101.21
660,2025-11-05,100.27
660,2025-11-12,99.6
660,2025-11-19,101.05
660,2025-11-26,107.54
660,2025-12-03,109.05
660,2025-12-10,110.75
660,2025-12-17,114.09
660,2025-12-24,110.99
660,2025-12-31,113.92
660,2026-01-07,107.77
660,2026-01-14,106.17
660,2026-01-21,102.64
660,2026-01-28,102.63
660,2026-02-04,101.0
660,2026-02-11,104.98
660,2026-02-18,107.28
660,2026-02-25,110.49
660,2026-03-04,112.82
660,2026-03-11,117.82
660,2026-03-18,114.74
660,2026-03-25,118.47
660,2026-04-01,115.36
660,2026-04-08,111.45
660,2026-04-15,112.52
660,2026-04-22,108.91
660,2026-04-29,107.81
660,2026-05-06,107.76
660,2026-05-13,108.66
660,2026-05-20,107.97
661,2025-05-28,93.26
661,2025-06-04,94.35
661,2025-06-11,98.11
661,2025-06-18,98.58
661,2025-06-25,98.17
661,2025-07-02,98.19
661,2025-07-09,96.71
661,2025-07-16,93.12
661,2025-07-23,90.03
661,2025-07-30,87.4
661,2025-08-06,89.03
661,2025-08-13,91.18
661,2025-08-20,94.18
661,2025-08-27,95.27
661,2025-09-03,95.78
661,2025-09-10,101.11
661,2025-09-17,101.04
661,2025-09-24,101.44
661,2025-10-01,99.51
661,2025-10-08,97.67
661,2025-10-15,94.02
661,2025-10-22,94.82
661,2025-10-29,90.94
661,2025-11-05,91.93
661,2025-11-12,89.72
661,2025-11-19,95.07
661,2025-11-26,98.48
661,2025-12-03,102.97
661,2025-12-10,104.35
661,2025-12-17,102.14
661,2025-12-24,105.28
661,2025-12-31,104.45
661,2026-01-07,102.03
661,2026-01-14,97.99
661,2026-01-21,92.72
661,2026-01-28,90.89
661,2026-02-04,97.57
661,2026-02-11,97.32
661,2026-02-18,98.44
661,2026-02-25,102.53
661,2026-03-04,103.51
661,2026-03-11,108.84
661,2026-03-18,108.71
661,2026-03-25,105.39
661,2026-04-01,109.15
661,2026-04-08,103.35
661,2026-04-15,99.35
661,2026-04-22,98.04
661,2026-04-29,97.46
661,2026-05-06,100.0
661,2026-05-13,97.11
661,2026-05-20,101.0
662,2025-05-28,94.41
662,2025-06-04,100.8
662,2025-06-11,99.95
662,2025-06-18,103.65
662,2025-06-25,101.82
662,2025-07-02,102.63
662,2025-07-09,97.1
662,2025-07-16,93.55
662,2025-07-23,95.11
662,2025-07-30,90.15
662,2025-08-06,90.63
662,2025-08-13,92.93
662,2025-08-20,92.8
662,2025-08-27,98.5
662,2025-09-03,103.42
662,2025-09-10,100.12
662,2025-09-17,104.9
662,2025-09-24,107.64
662,2025-10-01,104.99
662,2025-10-08,98.13
662,2025-10-15,102.3
662,2025-10-22,94.18
662,2025-10-29,95.03
662,2025-11-05,94.4
662,2025-11-12,96.91
662,2025-11-19,100.6
662,2025-11-26,101.91
662,2025-12-03,107.75
662,2025-12-10,107.51
662,2025-12-17,104.98
662,2025-12-24,105.32
662,2025-12-31,108.87
662,2026-01-07,106.83
662,2026-01-14,100.69
662,2026-01-21,100.56
662,2026-01-28,97.2
662,2026-02-04,98.03
662,2026-02-11,100.58
662,2026-02-18,101.43
662,2026-02-25,103.76
662,2026-03-04,108.09
662,2026-03-11,111.44
662,2026-03-18,114.85
662,2026-03-25,112.15
662,2026-04-01,109.44
662,2026-04-08,109.84
662,2026-04-15,107.18
662,2026-04-22,102.9
662,2026-04-29,102.62
662,2026-05-06,100.85
662,2026-05-13,102.73
662,2026-05-20,105.63
663,2025-05-28,105.0
663,2025-06-04,106.01
663,2025-06-11,107.77
663,2025-06-18,108.33
663,2025-06-25,110.07
663,2025-07-02,106.5
663,2025-07-09,104.96
663,2025-07-16,103.15
663,2025-07-23,103.92
663,2025-07-30,97.79
663,2025-08-06,96.99
663,2025-08-13,96.72
663,2025-08-20,99.68
663,2025-08-27,107.54
663,2025-09-03,109.23
663,2025-09-10,109.8
663,2025-09-17,110.26
663,2025-09-24,111.16
663,2025-10-01,112.62
663,2025-10-08,110.23
663,2025-10-15,103.06
663,2025-10-22,101.98
663,2025-10-29,100.02
663,2025-11-05,101.68
663,2025-11-12,105.33
663,2025-11-19,106.98
663,2025-11-26,108.94
663,2025-12-03,110.21
663,2025-12-10,115.61
663,2025-12-17,112.86
663,2025-12-24,116.35
663,2025-12-31,111.15
663,2026-01-07,112.81
663,2026-01-14,108.53
663,2026-01-21,107.71
663,2026-01-28,106.13
663,2026-02-04,104.98
663,2026-02-11,108.35
663,2026-02-18,109.32
663,2026-02-25,111.5
663,2026-03-04,112.27
663,2026-03-11,116.82
663,2026-03-18,120.39
663,2026-03-25,120.05
663,2026-04-01,115.86
663,2026-04-08,115.11
663,2026-04-15,111.73
663,2026-04-22,113.09
663,2026-04-29,109.86
663,2026-05-06,110.12
663,2026-05-13,108.74
663,2026-05-20,113.32
664,2025-05-28,107.16
664,2025-06-04,109.44
664,2025-06-11,114.74
664,2025-06-18,112.35
664,2025-06-25,113.55
664,2025-07-02,113.97
664,2025-07-09,108.11
664,2025-07-16,105.14
664,2025-07-23,107.24
664,2025-07-30,102.05
664,2025-08-06,102.23
664,2025-08-13,104.5
664,2025-08-20,106.97
664,2025-08-27,110.3
664,2025-09-03,117.26
664,2025-09-10,114.65
664,2025-09-17,118.25
664,2025-09-24,116.08
664,2025-10-01,118.24
664,2025-10-08,111.98
664,2025-10-15,109.49
664,2025-10-22,111.65
664,2025-10-29,107.9
664,2025-11-05,108.4
664,2025-11-12,106.69
664,2025-11-19,113.44
664,2025-11-26,111.52
664,2025-12-03,114.01
664,2025-12-10,118.8
664,2025-12-17,120.91
664,2025-12-24,120.47
664,2025-12-31,116.64
664,2026-01-07,116.07
664,2026-01-14,109.69
664,2026-01-21,110.56
664,2026-01-28,111.75
664,2026-02-04,110.74
664,2026-02-11,110.88
664,2026-02-18,114.43
664,2026-02-25,117.91
664,2026-03-04,121.48
664,2026-03-11,122.92
664,2026-03-18,123.13
664,2026-03-25,121.08
664,2026-04-01,120.66
664,2026-04-08,122.12
664,2026-04-15,117.23
664,2026-04-22,112.17
664,2026-04-29,114.15
664,2026-05-06,115.05
664,2026-05-13,114.45
664,2026-05-20,116.82
665,2025-05-28,75.55
665,2025-06-04,81.43
665,2025-06-11,81.27
665,2025-06-18,79.66
665,2025-06-25,83.8
665,2025-07-02,82.53
665,2025-07-09,74.87
665,2025-07-16,78.13
665,2025-07-23,70.07
665,2025-07-30,73.28
665,2025-08-06,72.83
665,2025-08-13,74.18
665,2025-08-20,74.42
665,2025-08-27,77.91
665,2025-09-03,81.68
665,2025-09-10,84.97
665,2025-09-17,84.29
665,2025-09-24,86.73
665,2025-10-01,81.57
665,2025-10-08,84.11
665,2025-10-15,78.77
665,2025-10-22,76.65
665,2025-10-29,77.71
665,2025-11-05,75.67
665,2025-11-12,75.61
665,2025-11-19,78.16
665,2025-11-26,83.74
665,2025-12-03,86.14
665,2025-12-10,87.22
665,2025-12-17,92.26
665,2025-12-24,91.03
665,2025-12-31,88.04
665,2026-01-07,84.15
665,2026-01-14,81.75
665,2026-01-21,81.12
665,2026-01-28,78.39
665,2026-02-04,78.31
665,2026-02-11,79.73
665,2026-02-18,79.19
665,2026-02-25,84.79
665,2026-03-04,91.37
665,2026-03-11,89.26
665,2026-03-18,90.72
665,2026-03-25,91.95
665,2026-04-01,91.78
665,2026-04-08,92.39
665,2026-04-15,86.15
665,2026-04-22,82.01
665,2026-04-29,81.89
665,2026-05-06,80.07
665,2026-05-13,81.99
665,2026-05-20,86.02
666,2025-05-28,80.82
666,2025-06-04,85.4
666,2025-06-11,89.75
666,2025-06-18,87.06
666,2025-06-25,86.26
666,2025-07-02,86.66
666,2025-07-09,82.43
666,2025-07-16,82.16
666,2025-07-23,77.03
666,2025-07-30,75.5
666,2025-08-06,72.44
666,2025-08-13,77.99
666,2025-08-20,81.47
666,2025-08-27,82.43
666,2025-09-03,86.17
666,2025-09-10,89.88
666,2025-09-17,87.27
666,2025-09-24,90.45
666,2025-10-01,90.01
666,2025-10-08,86.67
666,2025-10-15,86.97
666,2025-10-22,82.08
666,2025-10-29,77.7
666,2025-11-05,79.57
666,2025-11-12,78.42
666,2025-11-19,81.27
666,2025-11-26,86.88
666,2025-12-03,86.33
666,2025-12-10,91.47
666,2025-12-17,92.5
666,2025-12-24,90.82
666,2025-12-31,91.15
666,2026-01-07,91.56
666,2026-01-14,85.9
666,2026-01-21,86.55
666,2026-01-28,85.41
666,2026-02-04,83.61
666,2026-02-11,84.07
666,2026-02-18,87.19
666,2026-02-25,91.06
666,2026-03-04,91.18
666,2026-03-11,96.37
666,2026-03-18,98.32
666,2026-03-25,97.34
666,2026-04-01,93.17
666,2026-04-08,92.73
666,2026-04-15,87.6
666,2026-04-22,91.84
666,2026-04-29,81.01
666,2026-05-06,85.79
666,2026-05-13,86.7
666,2026-05-20,91.1
667,2025-05-28,113.42
667,2025-06-04,113.55
667,2025-06-11,115.92
667,2025-06-18,118.61
667,2025-06-25,117.92
667,2025-07-02,114.62
667,2025-07-09,116.6
667,2025-07-16,111.09
667,2025-07-23,111.77
667,2025-07-30,106.93
667,2025-08-06,106.94
667,2025-08-13,109.72
667,2025-08-20,112.77
667,2025-08-27,115.11
667,2025-09-03,116.71
667,2025-09-10,120.37
667,2025-09-17,120.56
667,2025-09-24,121.52
667,2025-10-01,121.62
667,2025-10-08,116.38
667,2025-10-15,110.01
667,2025-10-22,114.69
667,2025-10-29,109.52
667,2025-11-05,110.53
667,2025-11-12,114.72
667,2025-11-19,116.81
667,2025-11-26,118.98
667,2025-12-03,122.36
667,2025-12-10,123.84
667,2025-12-17,126.1
667,2025-12-24,126.11
667,2025-12-31,120.63
667,2026-01-07,121.94
667,2026-01-14,116.21
667,2026-01-21,115.36
667,2026-01-28,113.56
667,2026-02-04,114.69
667,2026-02-11,115.79
667,2026-02-18,118.31
667,2026-02-25,120.1
667,2026-03-04,125.46
667,2026-03-11,126.02
667,2026-03-18,127.13
667,2026-03-25,127.85
667,2026-04-01,125.76
667,2026-04-08,125.46
667,2026-04-15,122.46
667,2026-04-22,119.14
667,2026-04-29,114.97
667,2026-05-06,120.73
667,2026-05-13,120.29
667,2026-05-20,122.42
668,2025-05-28,93.01
668,2025-06-04,96.0
668,2025-06-11,98.55
668,2025-06-18,99.35
668,2025-06-25,103.02
668,2025-07-02,99.9
668,2025-07-09,92.75
668,2025-07-16,95.58
668,2025-07-23,95.94
668,2025-07-30,90.63
668,2025-08-06,90.81
668,2025-08-13,90.9
668,2025-08-20,96.32
668,2025-08-27,94.79
668,2025-09-03,99.62
668,2025-09-10,105.83
668,2025-09-17,103.86
668,2025-09-24,101.59
668,2025-10-01,101.84
668,2025-10-08,99.7
668,2025-10-15,97.51
668,2025-10-22,96.6
668,2025-10-29,94.12
668,2025-11-05,91.99
668,2025-11-12,96.27
668,2025-11-19,97.61
668,2025-11-26,99.1
668,2025-12-03,104.71
668,2025-12-10,103.24
668,2025-12-17,103.63
668,2025-12-24,107.96
668,2025-12-31,106.97
668,2026-01-07,104.36
668,2026-01-14,98.02
668,2026-01-21,101.95
668,2026-01-28,95.29
668,2026-02-04,95.69
668,2026-02-11,97.28
668,2026-02-18,102.12
668,2026-02-25,104.72
668,2026-03-04,107.39
668,2026-03-11,111.04
668,2026-03-18,109.36
668,2026-03-25,111.27
668,2026-04-01,108.34
668,2026-04-08,106.22
668,2026-04-15,102.53
668,2026-04-22,102.57
668,2026-04-29,101.37
668,2026-05-06,102.63
668,2026-05-13,103.36
668,2026-05-20,105.15
669,2025-05-28,107.68
669,2025-06-04,107.79
669,2025-06-11,110.67
669,2025-06-18,111.79
669,2025-06-25,111.58
669,2025-07-02,111.06
669,2025-07-09,109.1
669,2025-07-16,104.55
669,2025-07-23,106.42
669,2025-07-30,102.05
669,2025-08-06,101.8
669,2025-08-13,104.79
669,2025-08-20,103.8
669,2025-08-27,109.96
669,2025-09-03,108.16
669,2025-09-10,113.1
669,2025-09-17,113.49
669,2025-09-24,115.36
669,2025-10-01,112.44
669,2025-10-08,112.91
669,2025-10-15,108.63
669,2025-10-22,103.71
669,2025-10-29,104.1
669,2025-11-05,107.36
669,2025-11-12,106.78
669,2025-11-19,108.82
669,2025-11-26,112.06
669,2025-12-03,113.22
669,2025-12-10,118.4
669,2025-12-17,115.51
669,2025-12-24,120.58
669,2025-12-31,117.93
669,2026-01-07,114.68
669,2026-01-14,111.0
669,2026-01-21,109.71
669,2026-01-28,105.83
669,2026-02-04,105.62
669,2026-02-11,111.01
669,2026-02-18,110.21
669,2026-02-25,118.81
669,2026-03-04,118.93
669,2026-03-11,119.72
669,2026-03-18,126.64
669,2026-03-25,124.45
669,2026-04-01,120.5
669,2026-04-08,121.06
669,2026-04-15,115.43
669,2026-04-22,113.59
669,2026-04-29,111.84
669,2026-05-06,112.16
669,2026-05-13,112.13
669,2026-05-20,113.98
670,2025-05-28,105.22
670,2025-06-04,112.45
670,2025-06-11,109.69
670,2025-06-18,111.16
670,2025-06-25,115.53
670,2025-07-02,110.9
670,2025-07-09,109.49
670,2025-07-16,105.88
670,2025-07-23,105.09
670,2025-07-30,103.81
670,2025-08-06,103.96
670,2025-08-13,101.57
670,2025-08-20,106.67
670,2025-08-27,109.93
670,2025-09-03,111.58
670,2025-09-10,115.1
670,2025-09-17,116.43
670,2025-09-24,119.61
670,2025-10-01,116.18
670,2025-10-08,110.74
670,2025-10-15,112.5
670,2025-10-22,109.16
670,2025-10-29,107.31
670,2025-11-05,107.6
670,2025-11-12,110.25
670,2025-11-19,112.35
670,2025-11-26,112.66
670,2025-12-03,113.88
670,2025-12-10,117.88
670,2025-12-17,119.54
670,2025-12-24,118.13
670,2025-12-31,118.44
670,2026-01-07,114.79
670,2026-01-14,116.36
670,2026-01-21,109.56
670,2026-01-28,110.46
670,2026-02-04,112.13
670,2026-02-11,112.71
670,2026-02-18,111.31
670,2026-02-25,116.82
670,2026-03-04,116.72
670,2026-03-11,121.55
670,2026-03-18,121.96
670,2026-03-25,116.0
670,2026-04-01,123.04
670,2026-04-08,119.4
670,2026-04-15,113.48
670,2026-04-22,113.82
670,2026-04-29,116.27
670,2026-05-06,111.04
670,2026-05-13,114.74
670,2026-05-20,115.29
